"","as.yearmon(time(data.m))","FBCF","PIB","POUP","NFSP","TT","WP","ER","IR","IBOV","EMBI","LINF","LAGR","LIND","LCOM","LTOT","IIE","ICI","ICE","CURI","CIB"
"1",nov 2002,192248.82905076,1085089.06733945,152097.870164813,-3.30487484137355,93.09,80.9194191651387,158.26,9.30316415757684,10030.3,1688.14285714286,1180.21782276699,1037.32304106273,110.893485513231,210.399759746499,2639.00504326509,127.7,97.4,93.6,78.6,101.27
"2",dez 2002,189546.157761022,1080843.82035025,152088.824212138,-3.22579458396651,89.3,79.5226585804188,158.7,9.3308451079712,10840.5789473684,1518.14285714286,1226.68757411689,995.580782549391,790.644367579357,184.587391737851,3003.89325638639,125,99.9,93.8,79.6,104.56
"3",jan 2003,187014.949824947,1076930.63899347,160474.124358784,-3.23869499878127,91.75,80.6191032221515,149.36,9.25133222678429,11486.2272727273,1317.09090909091,427.580466331711,1528.96576516331,149.541164364233,231.227634719304,2469.47917148613,118.4,102.9,97,80.6,101.45
"4",fev 2003,186817.10364843,1075740.12591819,167760.933179198,-3.31997724692932,90.01,81.2967990345576,160.19,8.48511005610701,10350.05,1293.15,1274.24568245605,943.0222745525,187.384595956976,403.049551306851,2870.92046437215,112.4,99.9,96.9,80.3,109.05
"5",mar 2003,184421.055363702,1072293.57633611,169142.239582147,-3.33276555938472,92.49,81.6823523579826,152.85,8.36407308913099,10975.2332505092,1090.33333333333,699.225169163939,866.905984872926,241.959239946984,215.274086537481,2059.10785402286,108.8,97.2,96.8,80.1,100.18
"6",abr 2003,180081.342775598,1067906.99124953,165271.759860798,-3.53300826413685,92.16,81.3481802169384,138.14,8.17847049755929,12022.8008986252,899.095238095238,475.993617395796,807.825745303581,283.508515741439,216.402292102232,1763.44192449092,98.9,94.9,94.5,79.9,90.84
"7",mai 2003,177646.565144189,1069895.62176097,165223.785909516,-3.61973659373065,93.59,81.1997694181139,133.03,7.73626748549983,13091.4761904762,783.863636363636,700.912411553043,983.347126249336,354.336538336873,262.343997109057,2241.4436729643,113.6,90.9,88.3,79.2,87.33
"8",jun 2003,178367.992885289,1083723.5966688,169866.03605603,-3.4472551421325,94.43,81.3039385201928,130.28,8.16676674959251,13491,755,683.068061852711,1472.04430415433,409.114988807401,350.5289501476,3174.87691615269,103.6,86.3,84.2,78.3,83.96
"9",jul 2003,179796.956278446,1096439.89262694,176846.260173588,-3.39787001649395,94.83,81.8494639981623,129.2,8.60261630425365,13549.9090909091,781.391304347826,1355.31963068005,668.99763715329,549.128483599869,261.54968026684,3049.78508927292,111.4,82.3,81.3,77.6,85.02
"10",ago 2003,181102.705316553,1107644.1548643,183272.373420441,-3.54555157981072,93.57,81.8649223949465,132.84,7.32597549317804,14008.4285714286,780.285714285714,398.728320152169,592.874722343694,493.846701210681,218.794325768968,1552.67893218476,105.9,87.8,87.7,78.2,90.1
"11",set 2003,181312.117734689,1113440.1616461,189462.048143971,-3.39511784552934,93.73,82.5690929719066,129.62,5.10682647212088,16094.4545454545,672.318181818182,611.61373356237,800.782738288513,488.882456037863,305.01276356046,2123.41656833374,94.5,94.5,94.3,78.9,89.66
"12",out 2003,182311.955815676,1123832.53447958,198756.948839308,-3.32869499878127,95.76,83.4388245854561,129.03,4.87804878048781,17781.6956521739,626.95652173913,748.360746759524,1309.39704735774,566.402145779278,307.485534059566,2980.23059446483,98.6,99.8,98.2,79.6,91.32
"13",nov 2003,183716.720359621,1130918.98243247,206368.618414941,-3.31618715568938,93.9,83.5042183253294,130.76,6.56638443523689,19012.15,567.649999999999,850.37847000309,3076.45611029702,441.238823678437,266.581474173041,5043.18074314574,96.9,102.1,97.9,79.9,94.54
"14",dez 2003,185429.015004809,1132196.93589966,209910.320592208,-3.23958666783218,94.63,84.3834246603682,133.07,6.96248856358646,21157.75,489.181818181818,961.543442332955,1379.68235159779,374.525180405075,279.794764214491,2933.15386492659,92.8,103.9,97.3,80.6,97.29
"15",jan 2004,187583.799542682,1128143.14951458,210309.933765283,-3.35973659373066,95.38,84.8058591501784,130.93,7.99368675146226,23412.9047619048,435.619047619048,615.83683023095,1380.37545730544,568.155216583728,246.788034626041,3054.67768526544,94.5,106.5,99.8,81.2,93.51
"16",fev 2004,192247.919625602,1130557.00942494,215531.408646266,-3.44074499764921,92.82,85.2755041558052,137.73,9.00740463023715,21969.6666666667,545.6,641.191019529646,2244.44444017028,595.8059847677,754.117439515297,4213.97266077472,90,105.9,102.8,81,97.12
"17",mar 2004,196735.242842901,1141801.94222248,221405.803757727,-3.42958666783218,94.12,85.1993264374916,135.51,9.72707526678629,22034.2019702015,555.608695652174,1027.41614807008,2138.33783587282,464.398956703756,304.516314597204,4039.60588034668,98.2,105.4,105.3,80.9,101.58
"18",abr 2004,200878.318587551,1159287.76580905,228967.109008991,-3.31422617647844,95.32,85.7870603201825,135.1,10.1653049591488,21696.6178573501,594.333333333333,2133.5344393731,1485.46789534305,590.121378455675,215.892230091348,4391.16896472754,101.9,105.9,106.4,80.8,103.32
"19",mai 2004,204704.195865977,1172980.53396601,230639.305150812,-3.33276555938472,96.96,86.0264987493236,142.57,10.0998573466476,18878.4761904762,725.809523809523,880.530660131187,705.82081479434,469.42705845216,193.619798356196,2213.20953242838,94.7,108.1,106.4,81,112.08
"20",jun 2004,208291.442467452,1180594.58663971,228005.963029744,-3.55300826413685,93.2,86.3479182095435,144.1,9.18348104846314,20222,668.545454545455,1695.69233000456,1111.89254098385,607.546031611699,190.342111104665,3765.16704324145,93.6,109.4,107.9,81.2,112.58
"21",jul 2004,211170.688056548,1182969.81064047,221538.456596672,-3.61973659373065,97.68,86.7634262820047,139.4,8.38872764722403,21743.2857142857,615.045454545455,988.161825474755,1002.63490760445,588.358719109289,161.725107018071,2856.46383751257,94.6,110.9,110.4,81.3,107.88
"22",ago 2004,212160.237733091,1186310.96614993,218376.674759448,-3.71579458396651,94.02,86.5661720988198,136.65,8.09852584437394,22267.5909090909,558.318181818182,1744.4352265742,695.295519682871,639.967931178273,212.893307715498,3236.88969474089,91.8,110.9,111.5,81.5,106.13
"23",set 2004,211123.986860437,1192639.12930828,217650.483424478,-3.61933057465994,94.48,87.2194494554033,131.58,8.80037488284913,22699.2857142857,488.863636363636,1948.59956084557,829.946551936789,834.512894327218,164.347978148113,3679.22764329973,93.6,112.3,112.8,81.8,104.61
"24",out 2004,207546.892532013,1196373.08222332,218600.18612902,-3.61555157981072,90.46,87.5980764050336,130.98,8.93692682013849,23366.75,468.190476190475,1325.28843244564,1462.50628807897,573.200128979734,277.934157704499,3686.29932822988,89.5,112.6,112,82.1,104.91
"25",nov 2004,203798.329990622,1195398.67296657,218446.717697816,-3.55511784552934,93.44,87.3616690207457,129.05,9.06378217083177,24045.7,438.727272727273,751.69034149042,1224.40766117675,596.998851786455,189.470155067943,2844.61185120669,91.9,110.5,107.1,82.5,103.13
"26",dez 2004,200283.013951965,1189925.49650187,217225.716468838,-3.67869499878127,92.68,87.8210213807212,126.88,9.20074349442379,25535.4761904762,397.95652173913,609.120884837538,1508.06072943916,467.422398364926,155.425610973247,2680.31062904737,89.8,108.7,102.8,83.1,101.43
"27",jan 2005,198178.886360463,1186062.32158833,216967.116205277,-3.78276555938471,94.14,88.6970619969313,124.02,9.79424634577786,24432.9,422.285714285714,1695.85341798402,2641.07811562957,458.456211806602,325.48250753812,5168.21429685207,93.1,107.1,101.3,83.6,101.11
"28",fev 2005,199801.074898047,1186458.37256353,218725.218880906,-3.59997724692932,93.72,88.8959890419095,120.05,10.3175342210634,26551.3888888889,405.15,1303.39175488481,1491.92723102358,410.972220956115,305.588870645812,3518.26479479044,90.8,104.9,102,83.3,98.34
"29",mar 2005,203484.214634676,1193294.28251795,221094.311927507,-3.70787001649395,93.79,89.0571319705918,125.3,10.6286033103961,27272.1456585174,422.318181818182,1027.36905543496,2123.69241586732,361.625007598776,306.432483857665,3911.65742518317,91.4,102.9,102.5,83,106.82
"30",abr 2005,208154.01081581,1201331.30502101,221981.389084511,-4.07487484137355,93.98,89.6196082450923,118.26,10.4099194966226,25886.5453748633,455.095238095238,1018.81340071705,1436.78424269901,365.215230473593,275.102854997887,3100.28546334062,98.3,101.9,101.7,82.7,99.86
"31",mai 2005,211276.241666431,1209376.76066708,222369.984492466,-4.04579458396651,95.86,89.4590330497436,111.64,10.6987505784359,24810.2857142857,436.136363636364,1414.6665925128,1952.14037227021,231.82339379741,320.875625165019,3754.75123920238,99.6,99.8,97.4,81.9,93.24
"32",jun 2005,212883.283740985,1216916.77050253,221410.481465194,-3.95933057465994,94.55,89.7597224253646,108.35,11.6341940896802,25431.2727272727,422.636363636364,1030.70038179186,2314.36591352945,412.679660684474,394.479142423468,4501.0940917239,100.4,97.2,95.5,81.1,90.22
"33",jul 2005,211661.17693287,1216901.65458536,218225.282755301,-4.00555157981071,96.77,89.827054104663,106.38,12.3393074974195,25254.6666666667,408.809523809524,2118.38132478715,1399.52733401054,318.402319653478,385.893825229322,4399.72277745091,99.8,95.5,95,80.3,88.68
"34",ago 2005,210711.483062976,1221588.52493228,217510.556137198,-4.01958666783218,94.54,90.1786096226232,106.82,12.9503867194869,27007.8260869565,401.347826086957,1334.56613039361,2098.74943354211,244.340595889787,468.467008675127,4086.29521217009,99.3,94.9,95.3,80.3,90.46
"35",set 2005,209435.578121818,1229870.80765887,218092.201158743,-3.97422617647844,95.01,90.4262963316484,104.03,12.7970577140702,29859.7619047619,375.636363636364,744.081643953067,1402.10506636798,266.428145486648,275.109108722199,2562.77643990638,95.4,96.1,96.4,80.4,90.96
"36",out 2005,207495.740604679,1237058.58941505,219839.49114257,-3.97276555938471,94.16,90.6938391174281,100.88,12.1192177510342,29844,371.809523809524,1048.90259299486,917.89168991397,246.114634582917,222.670047875438,2458.4197677496,92.3,95.2,94.8,80.5,93.09
"37",nov 2005,207577.992600043,1244378.53397802,221177.436094898,-3.87300826413685,95.84,91.5745869035793,97.21,11.9092449632838,31146.85,348.954545454545,1187.83006860664,2844.73637923154,295.7261662928,242.917404467825,4819.5767969606,97.4,95.7,92.6,79.9,91.8
"38",dez 2005,209949.471875115,1250339.30035152,221755.811498879,-3.74973659373066,97.49,91.9594369016543,100.9,11.8743495127259,33130.1428571429,313.565217391304,1678.4661048008,1978.86381027446,381.333606995705,212.947374603419,4226.01899902796,89.4,98,91.7,80.6,100
"39",jan 2006,213597.310498744,1250095.79896674,221153.541140275,-3.45579458396651,96.99,92.2678765399269,100.68,11.3055818353831,36189.4761904762,282.681818181818,1810.01313828428,839.325976077812,356.580465426052,524.16714573868,3393.80147879558,93.4,99.7,93.4,81.7,101.81
"40",fev 2006,217237.676215129,1250167.44551585,221026.748297924,-3.33997724692932,98.72,92.4690565500128,95.44,11.1553407259976,37550.7777777778,238.65,941.848440372972,1046.09259806477,332.852445296554,264.082326741139,2578.00769527663,89,100.3,97.5,81.1,97.57
"41",mar 2006,218462.992083741,1248549.30771055,220005.631463644,-3.27869499878127,96.45,92.8718287875187,95.29,10.843144701861,37966.8004380004,229.391304347826,971.417419656272,1368.94938968166,335.696093626001,268.036663819505,3032.42201180877,92.3,100.8,100.4,81.7,93.81
"42",abr 2006,218157.172304453,1249888.38482155,219383.154211118,-3.27618715568938,96.99,93.1535189105729,95.14,11.0484564656408,38984.3840931452,234,1287.53144275201,2769.55437629216,211.869462897681,288.630040543375,4592.76227312867,90.1,103.2,104,81,95.29
"43",mai 2006,218855.720315077,1258229.62246125,222641.750421584,-3.28958666783218,96.89,93.6200597941189,99.31,11.0045092583709,39033,246.086956521739,1168.57465925357,2023.58024691318,308.764178113069,322.858076200112,3676.75136873757,98,100.6,98.3,81.1,99.12
"44",jun 2006,221355.407881884,1277328.41555505,230443.744357477,-3.35422617647844,98.53,94.0260826577534,102.35,10.7180620974719,35072.4761904762,262.136363636364,1484.98253764655,1996.04299988468,216.365745887673,362.079010254935,4284.29821010266,94.1,100.1,98.6,81.2,99.63
"45",jul 2006,223739.965892497,1296522.55752305,240668.333561873,-3.24276555938472,101.59,94.0990480413119,100.12,10.5895931518707,36302.3333333333,239.571428571429,1080.91931706933,2594.30016498804,227.798430235154,320.517389012343,4196.14761593498,93.5,101.5,101.3,81.7,99.75
"46",ago 2006,226216.903438022,1316999.51315503,248474.93627327,-3.32787001649395,101.06,94.5814221037827,99.2,10.4198767334361,36923.8695652174,218.173913043478,1226.57896715278,2941.78344179215,191.75541074817,313.664640238455,4612.20811089808,94,99.3,99.6,81.8,97.05
"47",set 2006,227855.367905764,1333428.17558005,253987.77571306,-3.21487484137355,102.61,94.7574965197143,99.14,10.0964320154291,36173.95,229,1078.17348360671,2572.25901623874,241.236171807756,354.148390418461,4070.01926072111,96.4,101.7,102.5,81.9,94.66
"48",out 2006,228916.543798648,1346590.93509944,257438.572531671,-3.31579458396651,103.26,94.8303255803647,97.72,10.3525082316483,38628.380952381,217.727272727273,1054.44653249607,1862.18575614051,271.843126321236,355.244279175188,3527.86493880649,98.5,100.5,99.7,81.6,95.76
"49",nov 2006,230469.504726154,1358507.36552652,261318.250673807,-3.24933057465994,102.26,95.6432380409353,98.62,10.3183847796544,41199.3684210526,219.869565217391,2542.94773628171,1993.72016803721,286.231307955896,420.010610956865,5295.63260925759,91.7,102.8,99.7,81.6,99.88
"50",dez 2006,232181.977122788,1366674.91344329,264739.334735757,-3.13555157981071,104.65,96.2980819120216,99.29,9.74403723094821,43316.6842105263,206.5,1116.96770151531,3413.70289956104,372.049833556545,863.593912503737,5759.46127559254,97.7,105.3,99.1,81.7,100.81
"51",jan 2007,234678.985387422,1374182.80734991,268499.241129551,-3.48958666783218,102.16,96.5131383525091,97.85,9.84561607923098,43443,191.636363636364,2035.93087793411,3670.82606337042,359.315264652465,409.271647176172,6401.97609255807,91.8,104.2,97.8,82.3,99.11
"52",fev 2007,238662.898533424,1381714.7263041,271214.634553732,-3.45997724692932,101.83,96.9057213246722,95.85,9.61949136090079,45163.8333333333,183.15,1176.35319357342,1676.87445315974,296.374601883327,299.747773876945,3387.98107316209,97,107.4,104.7,83.2,98.79
"53",mar 2007,243084.582400063,1390677.51968743,272325.090558807,-3.41973659373066,103.85,97.3549723978098,96.14,9.49883449883449,44232.2059100595,186.636363636364,1837.80472587596,1961.46056039848,437.097283069701,744.265918141913,5128.49784742101,91.5,108.8,108.8,82.6,98.75
"54",abr 2007,247856.32653292,1401048.01877031,273014.950808211,-3.4372551421325,100.53,97.5277761420067,94.59,9.30097087378641,47799.6446918223,154.7,1487.24155725105,1810.64203519587,409.408662837978,458.846659108876,4224.67376029714,95.5,111.4,111.3,82.8,95.87
"55",mai 2007,251678.791970175,1407832.73290974,272569.366074971,-3.42787001649396,100.43,98.2845857437376,92.5,8.9649156813336,51226.5,147.652173913043,1657.27706029533,2381.94873387086,494.177069846578,678.173521886576,5106.79457261482,96.8,111.8,110.5,83.1,93.91
"56",jun 2007,254574.126787647,1410520.47100897,272099.340338152,-3.38487484137355,100.6,98.3789448913249,90.12,8.04320570932589,53645.5,147.095238095238,2073.57441341141,2091.18602735787,413.295189526212,541.729013454121,5291.11252971009,89.3,111.2,110.2,83.6,92.03
"57",jul 2007,256696.169173848,1411136.56245443,271631.373647371,-3.43579458396651,100.62,98.7279902705222,88.84,7.70194717563137,56200.0476190476,168.863636363636,1769.8867791153,3417.15667456536,485.21424966485,562.614159891153,6301.62314745216,88.4,113,113,83.7,91.58
"58",ago 2007,258420.909357889,1411691.19197738,271503.213065166,-3.22869499878127,101.53,99.4953781943336,92.25,6.95910923401806,52162.8260869565,201.391304347826,2228.35145965216,2520.01230568865,340.921935467545,528.186076265205,5596.53904180987,96.2,112.7,113.2,83.5,93.84
"59",set 2007,261059.001904648,1420825.92156882,272866.267356394,-3.17618715568939,102.47,99.6034316080995,89.92,6.78828612578013,56362.1578947368,191.1,2250.19804567704,1324.77363757224,324.975216878126,1231.58547494929,5098.38752832174,96.2,113.1,114.5,83.9,94.42
"60",out 2007,263632.243622913,1432235.67455302,274805.168311538,-3.23958666783218,104.75,100.293579239522,86.17,6.78063772570112,62680.9090909091,169.913043478261,3573.91586704626,2377.76834103912,500.788408398304,899.291952204068,7464.4765689178,97.2,114.8,114.8,84.6,92.96
"61",nov 2007,266525.500794041,1445822.72099273,277455.532136485,-3.37422617647844,102.67,100.521519749238,86.19,6.70889720702561,62447.9473684211,211.772727272727,2309.68365157102,2204.93112531986,383.15788875355,737.221657852284,5597.3347286228,96.3,113.9,111,84.6,92.79
"62",dez 2007,269042.166057124,1457892.46008989,279946.534203282,-3.24276555938472,103.7,101.142434800068,86.66,6.43308443423318,63469.6666666667,215.1,2397.53141624577,1568.6314188589,446.826670561833,558.404474161386,4839.64413850599,92.1,114.4,109.1,84.8,93.82
"63",jan 2008,272815.475376683,1476078.1965633,284157.161816114,-3.36787001649395,105.85,101.984151621271,86.19,6.33129303749043,59645.2380952381,244.04347826087,2286.98877428017,2857.7825226406,399.047824683258,670.917311693303,6047.29293828806,99.3,113.5,107.3,85.5,98
"64",fev 2008,278004.721610375,1493660.05310853,289227.351141578,-3.56943268333337,102.24,102.029681903915,85.36,6.28047031832519,62536.2631578947,256.809523809524,2222.9189343395,3115.28785489967,430.01331795332,654.681386391602,6315.69864810553,98,113.7,109.7,85.1,103.45
"65",mar 2008,283335.506202604,1508061.63168271,294884.461278757,-3.63276555938472,101.35,101.747626116676,86.32,6.15869378401603,60653.0326130198,276.25,3362.31141273169,4034.44895964727,470.536909481868,1061.51586935212,9106.02674199161,97.4,112.3,112.2,85.5,105.36
"66",abr 2008,288588.184603656,1518775.55063763,298281.464260664,-3.57300826413685,99.77,101.92715353809,85.97,6.02627570449352,65177.4146514336,244.045454545455,4244.78478187007,5441.49005068259,512.067914380709,682.340068188758,11096.285198173,95.1,112.1,112,85.2,105.34
"67",mai 2008,294912.774141996,1527349.45541595,300974.779350164,-3.60973659373066,104.79,101.369332435047,84.12,5.73025194165562,71209.75,205.090909090909,3921.34722685862,2724.85761528649,494.279179044897,682.990932227108,7802.90813440917,92.3,113,112,84.6,106.03
"68",jun 2008,303326.958875203,1539793.26023664,301681.566630826,-3.6472551421325,106.81,101.234862760988,82.11,5.6854610597775,67235.4285714286,195.238095238095,2399.81862312289,1537.8112828687,503.634183646588,756.874514686665,5249.79273731927,91.9,114.6,114.1,84.8,107.75
"69",jul 2008,313145.455799887,1555795.13413313,301798.554162388,-3.69787001649395,108,100.935165391901,81.06,5.63128701701605,59770.0909090909,232.304347826087,1872.23911129658,2357.11855558606,519.960621609747,1604.17732634505,6486.5936245606,92.4,113.8,113.7,85.4,104.94
"70",ago 2008,317214.161187234,1564047.94732154,300350.422197278,-3.75555157981072,111.23,100.050504931096,80.55,6.35772817179994,55456.0476190476,236,3354.03099047751,2600.11926803755,348.969448605116,801.213631656459,7123.62836214069,90.5,114.1,116,85.2,97.28
"71",set 2008,314061.864411669,1558045.77391838,296550.181974454,-3.89511784552934,108.91,99.1297343276991,87.61,6.72000000000001,50594.5454545455,289,3302.73103517624,3846.25087815928,302.705118663802,1138.96341799664,8523.45030221778,98.7,111.9,111.4,84.6,102.22
"72",out 2008,303838.93404818,1538934.02490623,289511.527368478,-3.96869499878127,111.51,97.9036939774758,100.24,6.81326942956488,38142.8260869565,491.045454545455,3931.139388724,4021.58942670883,438.572904306478,991.736829872104,9449.33750673245,132.4,102.2,100.9,83.9,102.97
"73",nov 2008,293349.161628451,1523577.54658635,279732.749806917,-3.65618715568938,105.87,94.9198258865081,100.66,6.81455023968418,35908.4210526316,467.736842105263,2549.32866681318,2825.56326597371,626.743602630482,1107.73062536063,6984.59835261442,128.2,82.3,83.8,83.1,98.88
"74",dez 2008,282862.083234895,1513063.75176223,267221.71068329,-3.32958666783218,104.3,92.0582312709937,107.19,7.32766761095374,37557.75,478.545454545455,2244.59281801599,3804.88001143596,428.419021418399,820.744383494443,7211.26608677685,121.8,74,74.9,78.7,97.98
"75",jan 2009,271960.987227462,1502062.9166615,251767.814439159,-2.89973659373066,97.05,89.6288730187279,101.33,7.06727135298564,39568.2857142857,429.333333333333,2180.99458068929,2915.7714961679,374.466945673459,866.788657418882,6137.44798343532,120,75.3,75.4,77.4,96.97
"76",fev 2009,266448.027673339,1495606.39976753,242237.498793635,-2.69997724692932,98.86,89.2274893167681,99.54,6.3833805476865,40174.2777777778,429.2,2353.09299973552,3729.83416007696,362.206092455229,927.6039653122,7265.45560131661,123.6,76.3,78.3,77.2,93.49
"77",mar 2009,267676.37730499,1501844.61922062,239251.087838562,-2.59579458396651,99.85,89.2787295099767,97.4,5.76649938452798,39693.4779903778,433.681818181818,4740.34383578297,3891.45618543129,451.681685300782,871.062310587279,10067.3192133086,125.6,78.6,80.7,77.2,91.32
"78",abr 2009,273441.190903154,1510397.56132382,241982.073766972,-2.26933057465994,100.71,89.6509217451494,95.38,5.28759594428125,44979.9488012314,382.952380952381,3635.90720347245,3389.95732103452,595.269598303331,1257.37467966025,9011.53788202396,117.1,84.4,87.5,77.3,90.71
"79",mai 2009,280640.676391533,1520418.97775372,242963.52405887,-2.07555157981072,100.76,90.3961612475837,89.91,4.71482889733839,50893,313.190476190476,3490.79208338484,2243.84164935019,652.532535515518,754.088084609639,7209.21242290842,111.8,88.4,90.9,78,90.81
"80",jun 2009,288997.076571416,1532041.43787442,243627.347146377,-1.91511784552934,102.4,91.203604780748,87.38,4.52290076335877,52061.0476190476,281.090909090909,3311.99107510515,4142.79336784961,659.486808722982,1320.0459035363,9692.47154261718,109.1,93.8,94,78.4,87.34
"81",jul 2009,298265.704872639,1546849.24587152,243556.718688808,-1.58869499878127,102.07,91.9946691841551,86.38,4.31578947368423,52068.0454545455,270.217391304348,7471.13194207824,21236.4079887208,568.337944103582,1498.65083991256,31263.7438692812,109,97.6,97.6,78.1,85.87
"82",ago 2009,307877.062254956,1569019.32870915,249708.135066154,-1.46276555938471,102.7,92.7528375486689,82.86,4.1107704101188,56662.3333333333,252.428571428571,2699.48552522715,3259.62565001219,645.787505012873,2285.47039523756,8892.433258812,106.8,100.6,102.8,79.3,86.52
"83",set 2009,317529.161906038,1597047.41168354,261493.215056835,-1.03300826413685,106.08,93.9869178576525,82.13,4.130726471152,59195.1428571429,240.681818181818,4362.77806528784,6526.96815661414,781.377191694676,1564.828054769,13216.2468123574,109,106.1,107.1,80.5,85.82
"84",out 2009,327384.430678284,1628654.36387512,281262.827030823,-0.949736593730655,106.63,94.6571795856479,79.15,4.30066237880387,63989.9047619048,226.727272727273,4111.78779822146,3622.04429540568,551.138149389364,1666.07670720174,9993.8759857074,106,109.5,108.1,81,86.38
"85",nov 2009,333843.992745471,1651611.59169201,292933.372115106,-1.3572551421325,108.8,95.4526884410254,79.27,4.2506236806755,65999.8421052632,220.904761904762,3431.11755407109,3870.34712509161,622.57327679442,1499.88323294235,9186.6999535746,101.9,111.2,107.9,81.9,87.68
"86",dez 2009,336798.74799345,1666385.55092358,295905.126851353,-1.91787001649395,112.29,95.8925991989311,79.87,4.16067491132204,68109.5,205.136363636364,4946.87177262373,3688.95632737803,607.253486862859,1931.95732254722,11005.210937716,99.5,112.8,108.1,82.5,91.77
"87",jan 2010,335397.011187066,1668159.79332889,288042.602650832,-2.16555157981072,113.09,96.999651840068,79.59,3.88182426618224,68578.1578947368,208.210526315789,4853.15316495081,3020.72340550693,864.48734387453,2262.9075249473,10668.5336540386,103.2,113.2,109.2,82.4,96.36
"88",fev 2010,336026.293050006,1669415.32666539,285838.504053852,-2.10997724692932,112.02,97.4422226101601,81.53,3.6439950395879,65937.5555555556,222.85,4030.01614006923,4704.25056448053,930.935554308007,2306.65853087215,11940.228705418,104.2,115.6,112.4,82.7,96.7
"89",mar 2010,339596.2943829,1676459.59390847,288856.271987282,-1.87958666783218,113.24,98.4647140872832,78.75,3.30892840163544,69435.4777210663,189.608695652174,5038.53666290812,2989.25158761586,961.1476803033,2064.32744338099,11304.2503766271,96.7,115.5,115,83.2,91.3
"90",abr 2010,344677.072862116,1683969.14822237,296578.67626527,-2.12422617647844,112.34,99.0993393357004,77.18,3.28709861295839,69371.3726814437,179.238095238095,4670.29852955382,3326.36444797789,847.394032521378,2908.89817313089,11854.7709958036,96.9,115.7,115,84,90.12
"91",mai 2010,350472.894456372,1695955.41184629,302859.454555793,-2.02276555938472,117.31,99.7979182209854,77.66,3.97262877779889,62605.2857142857,224.285714285714,5186.5015796431,3662.50019564902,751.308327438436,2620.53423180308,12321.3269361747,103.5,116.1,114.5,84,89.37
"92",jun 2010,357818.745974651,1717661.30129637,309517.144933449,-1.92300826413685,117.25,99.8992645366378,76.4,4.86455551316292,63335.0952380952,235.636363636364,5009.79545052081,4431.15513825929,712.542705528776,2336.86603914964,12623.7765003132,101.2,114.6,112.5,84.2,87.96
"93",jul 2010,364690.276014318,1741399.4513223,315035.62167484,-1.91973659373066,121.2,100.156945439465,76.44,5.46845124282982,64143.380952381,223.772727272727,4258.71964881454,5114.94407439486,685.520791955474,2641.74515478446,13006.4064329652,96.4,113.2,111.5,84.5,89.22
"94",ago 2010,369259.244009481,1765357.77034984,320417.656461373,-1.91579458396651,121.75,100.620668522886,76.82,5.90487127954828,66576.5909090909,206.363636363636,4782.05753455109,9488.32364945782,972.67305152093,2454.58191875058,17962.9747523213,98.1,112.9,113.3,84.1,93.76
"95",set 2010,369851.936600557,1782478.90968728,324579.954538593,-2.71933057465994,126.78,101.052092643221,75.57,5.69245463228272,67793,211.681818181818,3684.46052341462,31173.6789177575,851.03606268178,2035.60600105923,38584.638218556,98.9,114,114.2,83.6,97.74
"96",out 2010,367319.286386731,1793629.02783198,328685.911997608,-2.59555157981072,125.69,101.495465082657,75.18,5.19011406844105,70618.8499999999,186.761904761905,4552.4941437606,4908.12996537471,926.929929352038,1783.21702245696,12121.1354140985,97.7,113.6,114,84,102.18
"97",nov 2010,366231.559448965,1798699.7225084,331895.65952812,-2.41511784552934,126.55,102.149594158526,75.74,4.76190476190477,70380.05,178.454545454545,4698.85219565314,2935.69658138542,831.914045161736,2556.61872452895,10695.5258311234,101.5,112,111.6,84,109.37
"98",dez 2010,368070.073509565,1801377.01810911,334490.67919363,-2.60869499878127,129.14,102.82212352241,73.74,4.48494004343312,68547.0476190476,177.652173913043,3079.6555116578,3198.03879430322,868.766567723678,1664.38334162766,8583.98581444141,94.8,112.3,109.4,84.1,114.05
"99",jan 2011,371150.527828201,1796614.127208,335603.909386938,-2.63276555938472,128.48,103.729619725243,73.19,4.58533823945655,69779.65,170.52380952381,5228.63374754439,3981.87487250533,776.033416782026,1928.0399019502,11461.9328470627,96.4,110.9,107.2,83.8,119.03
"100",fev 2011,373679.999211835,1797715.2947421,338263.505585196,-2.67997724692932,128.37,103.558013049318,74.67,4.8674653334591,66516,174.25,5569.84602020246,3997.62311638939,815.025467543286,2345.33725109891,12699.8494132684,96.8,111.4,110.5,83,125.67
"101",mar 2011,374695.534080279,1807098.46040694,341186.603046088,-3.00787001649395,126.65,102.909935125353,74.77,5.00470366886172,67569.8006392284,172.739130434783,3661.75109864794,2716.47411202417,637.093863686617,2042.00810560667,9233.23210028921,97.1,112.5,110.2,83,124.77
"102",abr 2011,374462.537133267,1821272.32403476,345080.430338701,-2.94487484137355,127.09,102.670745138219,72.21,4.91033705755328,67070.0656821822,172,4074.27010787179,3259.43314824082,732.252105991355,2057.20997479441,10236.6747323346,97.1,111.6,112.2,83.5,120.59
"103",mai 2011,375542.198467421,1832906.11989213,345915.473677165,-3.11579458396651,129.29,103.476110293993,73.42,5.03988737681837,63730.9090909091,168.772727272727,4201.72322134481,4254.64781158776,791.751801338067,2132.98299596643,11352.4251756391,94.1,110,109.7,83.6,113.74
"104",jun 2011,378052.898608624,1839525.05322814,344718.604558189,-3.27933057465994,129.65,104.15383235036,72.38,5.05107300159311,62299.4761904762,171.227272727273,4036.11038652221,4340.77809843473,1225.0259116961,1909.08553649115,11703.4590562366,96.7,108.1,108.7,83.4,111.36
"105",jul 2011,380225.044740595,1838425.35276369,340150.148341789,-3.56555157981072,130.3,104.68141076211,71.76,5.03415364461497,60431.8095238095,162.142857142857,6802.6566774657,3100.47617882431,809.010979235984,2275.38874508059,13268.8418096562,96.3,104.9,107.8,83,110.25
"106",ago 2011,380961.965302668,1836932.39530139,338466.27399551,-3.52958666783218,130.66,105.233706570989,73.43,4.84006341508907,53841.4347826087,200.478260869565,4692.15861898999,3248.75044252719,931.729379290194,2347.09826520867,11130.9367839231,111.6,102.2,106.7,82.4,111.02
"107",set 2011,380258.436150982,1838581.6693581,339507.411287612,-3.06422617647844,132.65,105.251276877505,78.12,4.28664616531544,55399.2380952381,241.863636363636,4951.24806695406,3010.46412940109,869.809531055299,2800.12222494729,11624.4226963796,108.4,100.4,106.1,82.2,119.35
"108",out 2011,379289.05849591,1846834.88550829,345496.858442673,-3.10276555938472,132.52,105.193028652458,78.22,4.42180050481442,54669.25,239.666666666667,4381.18877956379,3533.44494569644,728.177168987785,2488.44015505996,11069.1382348647,105.2,101.7,105.1,82.4,115.74
"109",nov 2011,379745.325732094,1855449.24917933,350091.96820421,-3.13300826413685,128.22,105.491400706121,78.06,4.46361590397599,57093.6,229.5,5167.23847677733,4271.72050196744,719.24046352543,2661.15103716541,12419.9329277906,107,100.5,103.2,82.1,114.98
"110",dez 2011,382353.169016446,1866211.59438249,352449.439509455,-2.94973659373066,124.61,106.050886427138,79.39,4.13145539906103,57408.2380952381,218.909090909091,4065.50580363735,4046.27185532927,779.147639835224,3213.3594394492,11985.4921792185,105.7,101.1,101.4,81.8,113.62
"111",jan 2012,386635.92303873,1876863.67754841,352892.599488775,-3.13579458396651,122.79,106.267610179785,76.75,4.21766145735265,60841.5,221.772727272727,4812.22063247076,2363.48712757455,786.55061135635,2045.48467316984,9749.52811883838,102.8,103.5,101.8,82.3,114.48
"112",fev 2012,390584.310182163,1885320.89381194,351564.009533964,-3.19453708151487,120.41,107.071720356951,75.45,4.29853566367502,65449.8333333333,202.52380952381,5337.36948571492,2406.11806582663,767.198663561362,3052.88552704664,11587.8813285856,96.9,101.7,103.7,82.5,111.7
"113",mar 2012,393997.966102749,1892265.16173371,348248.567645408,-3.02973659373066,120.2,107.011161782725,79,4.35195743063475,66964.7774825288,178.318181818182,3914.14240397602,3737.30098762057,766.841491321336,2457.71460112193,11123.9869651416,95.4,101.4,105.4,82.1,114.1
"114",abr 2012,394388.355842986,1887581.83854975,341484.258462329,-2.9372551421325,121.02,106.71925126369,81.1,4.04376784015223,62250.1136286141,184.8,3927.99458607748,3601.38492593231,837.635588231774,2757.21062142191,11229.2920446539,97.8,101.2,105,82,113.8
"115",mai 2012,395472.117643493,1893126.7439501,339437.048562268,-2.75787001649395,122.66,107.236765856363,85.53,3.69559005619582,57136,212.173913043478,4168.89292129045,2735.92742527157,781.688983956753,3304.3246246454,11208.4409248048,101.6,101.5,103.4,82.3,115.6
"116",jun 2012,397099.280753316,1911012.9134642,342264.550143991,-2.52487484137355,122.86,107.038877756144,87,3.30728173846742,54665.25,218.380952380952,2732.43442112569,3225.09892967431,657.759181499168,2696.06623604339,9336.76976109601,106.3,100.8,102.4,82.1,115.24
"117",jul 2012,396370.405659817,1926579.91808895,347734.185589314,-2.36579458396651,122.66,107.261932254107,85.92,2.72813688212927,54617.1904761905,202.227272727273,2683.78615714584,7162.06819814718,981.336887694457,2988.4798374264,14099.2735267231,105.6,100.2,101.9,82.4,123.8
"118",ago 2012,396986.907507321,1937452.58930048,346588.547240099,-2.26869499878127,123.49,107.258883043564,86.89,2.48004561003421,58180.1739130435,170.913043478261,3779.94532677818,5170.26415520665,1236.91225990201,2989.10778004179,13154.9150306241,98.8,102.9,103.5,82.7,124.72
"119",set 2012,398402.872591846,1937683.92796105,338514.404247279,-2.08618715568939,121.52,106.951223128212,87.63,2.00417933130701,60057.2105263158,162.5,4924.5705943111,5105.40581395282,1127.25704064423,2839.23607319864,14039.3059352815,97.5,104.6,106.2,82.2,126.94
"120",out 2012,400812.631693076,1932548.83667863,321364.293228128,-2.06958666783218,120.74,107.264339952145,87.34,1.68800379326695,58591.2272727273,150.304347826087,4732.94522402881,4020.25553874394,1040.62592018741,3408.45118017799,13068.1723246813,96.3,106.1,105.3,82,125.61
"121",nov 2012,401961.674695638,1930049.60472774,315902.799661392,-1.80422617647844,119.45,107.430172770138,87.99,1.52563252155784,57223.0526315789,154.909090909091,3568.33760029561,3584.77178721514,1209.01536855579,3513.21638225929,11439.405555773,93.4,104.4,104.3,82.1,126.94
"122",dez 2012,400585.525573612,1928171.35142206,323006.498146765,-2.18276555938472,120.33,107.749115732197,88.5,1.24716553287982,59582.8333333333,147.15,6847.75366958386,3604.11542729282,1179.04503431095,7834.00637016566,19492.3796728556,94.8,106,102.3,82.8,128.75
"123",jan 2013,397892.399129285,1928977.25289057,341819.935767272,-2.22787001649395,121.2,107.708551392882,86,0.904380593499754,61533.5714285714,146.272727272727,4046.72429245757,5100.8825110653,1374.57925200385,3428.44904200961,13952.4642550479,95.6,106.7,101.9,82.3,126.11
"124",fev 2013,400544.560768614,1939620.62360209,354139.529643735,-1.93997724692932,120.67,107.904600542878,83.58,0.76192267895776,57877.8888888889,161.65,4096.80560895931,4832.89572138473,1848.79852524057,4662.67368708855,15752.8224473345,91.5,105.8,103.3,82.3,122
"125",mar 2013,408610.697573545,1958086.43571699,362373.281092897,-1.80555157981072,121.77,108.590305236108,82.97,0.525377615160871,55977.6425299721,179.95,4680.31753578304,7788.67874048162,1847.04809795797,4079.37563082671,19026.5447750669,92.6,105,104.3,82.4,120.11
"126",abr 2013,419990.956173588,1977495.77350887,363567.53454356,-1.76511784552934,119.47,108.899875231966,83.3,0.723072588975504,55561.723173565,175.909090909091,5920.9723659819,7601.7627176809,1985.18211952868,4234.3045268524,19975.9548272318,91.5,105.6,103.4,82.2,118.01
"127",mai 2013,427129.772697091,1992794.20313366,364635.907677521,-1.75869499878127,119.18,109.195777016149,84.33,0.863849765258218,55456.5714285714,176.95652173913,6468.85914789326,7069.63878314977,1721.85855544306,5980.28477468791,21408.9671898832,90.7,105.5,103.5,82.5,118.19
"128",jun 2013,428459.235519315,2000186.79426054,362381.002808638,-1.77618715568939,118.04,109.146341017453,90.18,1.12464854732897,49604.65,229.25,6551.56494451812,3099.82985307695,1333.79413966625,4129.95865865067,14900.5382469667,94.6,104.5,102.2,82.8,124.03
"129",jul 2013,424810.571840438,2005070.18775903,358161.202655696,-1.72958666783218,117.92,109.580271305649,93.45,1.8443587089489,47160.5,226.95652173913,4024.49230508569,3956.79087784867,1389.11294467157,4291.20569203809,13657.4547071838,93.8,100.8,98.9,82.9,126.62
"130",ago 2013,421374.936055576,2008703.06648787,357821.81094607,-1.65973659373066,116.29,110.176155275519,98.06,2.22452634555568,50062.0909090909,237.590909090909,6596.47973602238,3361.69527489967,1347.62871198263,3930.62108867415,14904.5849085844,88.7,101.5,101.5,82.8,131.71
"131",set 2013,419020.734773407,2015332.87669335,361655.533977741,-1.4572551421325,118.25,110.468721489891,94.79,2.87171736255432,53635.2380952381,228.809523809524,4753.39822246509,4102.91626885942,1358.82531424778,4704.22963919441,14989.3807099282,92.2,101.6,102.8,82.2,128.89
"132",out 2013,417010.544256565,2021581.27812923,371689.076678026,-1.27787001649395,119.59,110.647312782212,91.47,3.22184429327286,54171.8260869565,218.913043478261,5236.46269039412,3664.24445293424,1364.28896605845,4374.59754156755,14470.1555597421,90.7,100.2,100.9,82.4,125.28
"133",nov 2013,417724.342601609,2030523.52370302,374754.164084798,-1.94487484137355,117.89,111.234699365721,94.71,3.47924742365509,52815.6315789474,236.047619047619,4755.37939366552,4420.64019219896,1455.83004513832,3161.49172034349,13292.2348349595,85.1,99.8,99.5,82.9,129.23
"134",dez 2013,419674.613254026,2034193.14412508,367331.362829247,-1.74579458396651,118.14,111.384078677078,95.87,3.76734963648382,50748.9473684211,237.904761904762,4866.14022104901,4993.10852936617,1752.29150530223,4493.36032039462,15918.8595003952,85.1,100.3,98.2,82.9,132.85
"135",jan 2014,425479.064861842,2046221.5224095,353997.426991113,-1.49869499878127,120.63,111.687328881578,95.6,4.33753196325408,49139.7272727273,251.681818181818,8732.48696304105,6447.05031883564,1918.84511353371,4761.64289010173,21651.2869206074,89.3,99.8,97.2,82.7,135.37
"136",fev 2014,426208.712980326,2047355.42162327,344028.949563039,-1.54997724692932,116.58,112.212053246268,94.72,4.49470098410296,47367.9,253.8,6000.48398818137,5862.51056582218,1247.0685798405,4748.66749691845,18083.3577013887,93.9,98.2,98.1,82.6,140.49
"137",mar 2014,420484.294827387,2032955.32534056,334971.051058531,-1.57276555938471,115.54,112.365294581482,91.68,4.23928403203013,47295.6241329207,234.095238095238,6904.35683463958,4543.1639697204,1020.32481049534,5177.53222145629,18075.4253191295,96.4,97.7,99.1,82.6,140.66
"138",abr 2014,411222.623843566,2016727.39201698,329240.417767825,-1.64300826413685,114.75,112.532396961325,87.63,4.31878057960107,51199.3249502283,219.47619047619,6643.31556815521,3677.24339403319,1172.30322494222,5942.65799198306,17568.8870387057,94.3,96.8,97.2,82,136.79
"139",mai 2014,404288.687133479,2010749.53919839,326084.195923872,-1.37973659373066,116.89,112.671652628509,86.9,4.25871956378676,53122,209.272727272727,4667.53547147412,2637.4966428304,1176.94829129854,2552.70101066572,11346.2939532815,88.3,91.2,91.9,81.8,134.28
"140",jun 2014,399171.009650009,2014783.97267209,325858.841568384,-1.2572551421325,116.5,112.858562706265,87.05,4.11190386781826,53656,206.047619047619,4793.50243883525,3926.69264979048,1244.75524600233,4747.16792782801,14672.1604671572,93.3,88.3,90.1,81.6,133.55
"141",jul 2014,395948.942746229,2032511.47115144,329203.248431864,-1.07787001649395,115.27,113.371139781047,87.49,4.13145539906103,55790.4545454545,209.652173913043,5163.02238399121,3555.09442145427,1485.46255804645,3165.95563323835,13312.2903633355,90.5,87.8,90.5,80.7,131.3
"142",ago 2014,394024.029999466,2042492.57065274,328780.326723174,-0.825551579810715,115.23,112.912540034194,88.77,4.12167871561355,57748.6666666667,219.52380952381,5623.52888344891,4910.30916832707,1744.17610883406,3629.96247650286,15584.2533238069,96,85.6,89.9,80.6,129.87
"143",set 2014,393180.944610037,2040803.05804986,324564.997526878,-0.595117845529345,115.05,114.074743417584,89.59,3.88758782201406,58278.2272727273,214.454545454545,6909.32464941026,4672.27513393512,1651.93236045238,4325.58771500655,17540.1630769224,96.9,86.4,89.1,80.3,132.39
"144",out 2014,394718.443263128,2038581.58207933,317060.266790334,-0.48869499878127,112.58,114.065748663527,92.87,4.06229477436906,54342.8260869565,239.913043478261,5066.05740181016,5151.31933628452,1434.7854036486,4691.16038314013,16098.9957535541,97.3,87.6,88.6,79.9,139.28
"145",nov 2014,394926.616339228,2035249.02232704,312505.913115261,0.193812844310615,110.78,114.288061125205,94.97,4.30743243243243,53575.8947368421,247.5,4642.84336314145,3508.57944316305,1127.33171334383,4487.70318531706,13388.91705178,97.2,88,86.9,80.3,144.97
"146",dez 2014,392589.059681943,2028272.83183322,310970.655643946,0.560413332167822,110.19,114.878010263858,96.64,4.85856592425522,50007.5,265.181818181818,5592.77726410851,3148.87618332286,1517.49084769667,4154.70256261032,14455.0676157333,95,87.4,85.3,79.4,144.54
"147",jan 2015,387185.945173822,2012424.06875848,311956.540124478,0.530263406269345,106.21,114.563663871361,93.33,4.36811648310624,48369.380952381,288.714285714286,5317.1347615563,3933.39526023785,1277.02825089388,3080.48251740493,13472.494163911,99,87.5,84.5,79.2,137.64
"148",fev 2015,379821.086531448,1992102.93129556,306729.332072305,0.66002275307068,105.93,114.638534485746,98.77,4.13184772516249,50131.4444444444,308.95,4331.06436012341,4360.9396220038,1156.63248484773,2891.13099729041,12964.0045310087,97.4,86.5,82.3,79.1,143.96
"149",mar 2015,369996.094288604,1963694.02368241,296040.221603386,0.634205416033489,108.24,114.656979769005,106.96,4.1154166281328,50671.6549483401,328.136363636364,6312.97601109705,5409.90975406718,1338.34792283232,3656.49864281435,17098.7056257854,109.2,79.9,76.6,78.4,155.69
"150",abr 2015,360682.57724598,1943950.77409557,282932.551841088,0.76066942534006,101.1,114.819005002666,103.69,4.16936303965978,54209.3150000903,292.727272727273,4922.44174729681,2888.70607470574,1121.30165536651,2805.28503793655,11900.3299291474,103.6,77.9,76.8,77.5,151.96
"151",mai 2015,353114.865009367,1929100.24971883,274797.066438262,0.664448420189285,101.23,114.725844538994,104.13,4.31455702037429,55807.5,279.952380952381,4362.75586210217,4227.0968379494,1300.37899918147,2605.89894795141,12724.8735043679,105.1,75.7,75.3,76.5,153.7
"152",jun 2015,347096.964443192,1920499.79328409,272004.999638748,0.724882154470655,103,115.220033722585,105.07,4.30709890715399,53483.1428571429,291.818181818182,5515.62815382254,3371.56345458181,1620.18982203945,2814.32844567738,13397.3630354924,105.7,72.5,72.3,75.8,155.07
"153",jul 2015,341708.783126153,1919982.13676146,274688.445844693,0.87130500121873,104.02,115.477532350523,108.32,3.76962395034686,51559.5,317.434782608696,2648.59512242923,2688.29429298511,1010.76032880838,1962.83084956351,8294.05320945091,118.4,74.4,71.3,75.1,160.33
"154",ago 2015,337102.00203,1925661.36949897,276807.664036276,0.737234440615285,100.29,115.486874019872,116.79,4.2180224596001,47687.6666666667,334.619047619048,3275.59532490305,1966.11952320345,1033.26626129778,2016.05321170196,8004.68137966542,126.6,73.1,70.8,75.1,168
"155",set 2015,330573.751676462,1922156.37633718,276892.87839526,0.466991735863152,100.53,115.907242742221,129.34,4.25609644716411,46314.7142857143,405.409090909091,4267.84994157026,2585.43929499517,1082.97413383743,2074.74877010432,9938.95479701203,136.8,73.8,69.5,74.9,183.62
"156",out 2015,322186.399956799,1911142.40766042,275207.434798846,0.680263406269345,98.67,115.917782781604,127.47,3.83880651323569,47281.7619047619,412.863636363636,5403.54874928255,2288.13858668445,1021.60427494903,2131.44616556641,10580.7887154509,121,77,70.3,74.7,185.03
"157",nov 2015,314012.625716785,1896281.04487768,268565.088586184,0.852744857867504,102.31,115.761840191226,121.97,3.32186821144098,47088.4210526316,398.095238095238,4382.50926819025,2333.60568303598,1070.37060446121,2018.76431952534,9610.52233848391,112.9,75.7,70,75,176.15
"158",dez 2015,306654.677677601,1882158.83241302,258054.541519482,1.88212998350605,96.7,115.594613564411,122.1,3.14448359989157,44682.2,486.954545454545,4493.4158819749,2531.64461632314,812.835204487993,2706.65041573638,10772.3806822336,117,77,68.7,75.2,178.15
"159",jan 2016,299416.509892302,1862617.23524219,245353.174942879,1.75444842018928,97.09,116.559616821624,122.64,3.10721705356336,39390.1578947368,516.8,3097.95252817818,2381.04518542459,1048.73030136951,1611.15456568788,8134.73879226796,113.6,77.7,71.3,74.1,183.39
"160",fev 2016,296449.983762865,1853714.06152404,242385.163409296,1.92335333709263,96.25,116.333825932379,120.27,3.43421529539689,41025.3157894737,531.285714285714,2548.9588021207,2776.07422365928,1212.2396852491,1736.62792074147,8503.36654023871,115.5,75.6,70.6,73.8,180.54
"161",mar 2016,298569.154386248,1858504.70624464,247259.027137163,2.27212998350605,98.07,116.342620869235,112.65,4.35140323612759,48463.9788985814,435,2425.67658814221,2235.46243306694,1149.95553848843,1403.13699091868,7387.29031293214,123.3,75.8,71.2,73.8,170.41
"162",abr 2016,302908.84253141,1863165.94237027,256957.83580342,2.30512515862645,97.5,116.628018347794,110.04,4.45644216691068,52611.955369648,403.047619047619,3097.4234344738,1780.63677698248,1347.39093796701,1869.23686439837,8201.76450349656,128.3,77.9,71.7,74.1,164.72
"163",mai 2016,302926.57696539,1860557.11163896,261290.37162267,2.43420541603349,107.29,116.479854480412,108.67,4.41822173435784,51016.1428571429,388.636363636364,1784.59592992463,2265.59329506927,1198.67330878835,2116.73957419378,7522.13104019185,120.7,78.2,72.8,73.7,166.25
"164",jun 2016,299010.022873545,1859821.63734716,260416.455483027,2.50066942534006,106.87,117.147088518113,104.88,4.87872105843439,50161.2727272727,382.136363636364,2493.32797746939,2531.9445065028,1200.47162141137,1561.08667521358,7928.29599497245,119.7,81.5,74.4,73.9,166.98
"165",jul 2016,288919.017827282,1851609.13415936,253209.070304354,2.52444842018928,107.18,117.228847870919,99.55,4.97517013058673,55022,340.190476190476,2314.98664885413,3233.60883467344,1167.09769270113,1708.0924341376,8463.99462476442,117.7,85.6,78.2,74,158.77
"166",ago 2016,281326.46584161,1847773.99868972,247628.52595518,2.74041333216782,108.73,117.727251374376,98.17,4.75360190878222,57988.0434782609,309.652173913043,1042.49286279538,3737.76358509121,921.665099356638,1205.33064837916,6924.09852624803,112,85.8,81,73.9,155.61
"167",set 2016,277434.393439441,1855004.48756181,243623.194335958,3.00577382352156,109.16,117.803822755145,99.1,5.22676991150441,58424.5238095238,317.681818181818,2084.79878626322,2631.05083771897,1040.60264068519,1338.9777014408,7117.02893908516,110.7,88.6,83,74.2,158.33
"168",out 2016,274968.476818212,1861806.97124241,239295.703364039,2.20723444061528,109.55,118.366822573992,95.95,5.72911838323908,62477.4,312.761904761905,2088.0706687474,2301.3528884488,1055.74612842131,1121.42837999571,6478.92916421255,114,87.1,82,73.8,158.07
"169",nov 2016,273547.018393056,1868718.90073429,240927.657931043,2.54699173586315,115.26,119.187534251547,98.84,6.45854752780632,61619.4,330.636363636364,1915.09728598891,1698.21946439503,1138.20080941542,1739.12569153099,6380.485905971,116.2,86.8,80.2,73.9,166.76
"170",dez 2016,272202.303280607,1871010.92699576,248381.034815445,2.47026340626934,112.54,119.500601389486,97.55,6.92445197102269,59126.2380952381,330.681818181818,1793.18729886767,2407.83827926084,1408.31730215982,1235.79023884579,6631.81644886979,123.2,85.4,77.1,73.4,170.31
"171",jan 2017,271349.082025553,1869992.86524166,259685.95756421,2.29420541603349,117.82,119.414477219205,93.08,7.42287612719505,63533.619047619,298.181818181818,2154.03594503263,1498.81632463443,1222.27441684337,1419.39695119484,6502.07602852517,113.9,88.6,81.5,74.5,165.23
"172",fev 2017,271302.12033845,1869790.91234337,262837.12791377,2.37002275307068,115.98,119.714938291429,91.5,7.69377625047729,66444.5555555556,277.95,2859.54294975732,1334.16786788281,1322.34840740587,1815.02800275272,7517.1038068192,108.3,88,83,74.4,159.6
"173",mar 2017,272380.657582209,1871656.35457525,259847.692054041,2.34130500121873,116.2,120.191208029776,92.12,7.24873290618724,65371.8943198826,278.086956521739,2024.0785584304,1473.63570344113,1108.08888994477,1337.89970631739,6083.37159074006,111.9,90.4,85.4,74.2,156.07
"174",abr 2017,274331.811057609,1876037.35148135,252380.308649554,2.31381284431062,112.65,120.633487832265,93.26,7.21560338201384,64129.9164153528,268.684210526316,3089.43636138465,1644.92594393842,1105.93367221124,1397.75933972015,7337.42459492863,109.2,90.8,87.1,74.5,156.15
"175",mai 2017,275652.885825148,1875998.14768181,247020.420562181,2.46041333216782,109.29,121.152818691868,95.64,7.28764478764479,65117.0454545455,269.826086956522,2405.89552011837,1579.61167239112,1279.84483387408,1474.17864343853,7010.51267732328,116.6,91.5,86.1,74.4,160.04
"176",jun 2017,277304.669250965,1883852.30820543,246386.537490191,2.56577382352156,108.17,121.483798832983,99.23,6.94174757281552,62016.2857142857,288.954545454545,1829.67410694598,921.565794337191,1483.2811119722,1449.96800693948,5562.99265130164,124,89.1,83.3,74.2,159.74
"177",jul 2017,274651.354255247,1881509.78492071,247381.376253995,2.63723444061528,106.32,121.74178683919,97.45,7.10738973809757,64504.2857142857,276.4,2290.15471105966,1993.36368121102,1445.42621238093,1060.95986163602,6710.14736830524,119.8,90.6,84.8,74.5,157.57
"178",ago 2017,273670.772556132,1885620.55045594,250522.449625195,2.46212998350605,107.78,122.382479167296,97.36,6.52937731797774,68804.9130434783,271.652173913043,1498.87416079838,1120.28971263179,1245.0648580705,1052.29903944553,4740.29389146268,112.1,92,86.6,74.1,154.23
"179",set 2017,274677.686620143,1897130.92114406,256335.94599705,2.35512515862645,111.83,122.383708063496,97.51,5.66608152915933,74306.8,257.904761904762,2426.14921512393,886.389023801524,1090.67584788182,984.033983475248,5342.24720790709,107.1,94.1,89.6,73.9,157.54
"180",out 2017,276236.646246326,1908102.05921983,266300.805219813,2.83420541603349,112.48,122.527693397001,97.91,5.17039922103215,76115.8571428571,240.863636363636,1862.92804678459,1069.76473248601,1068.89379580044,988.797360953072,4995.34091011242,103.8,96.5,91.6,74.3,162.52
"181",nov 2017,277919.923733002,1918723.43999615,269429.566744122,2.30066942534006,110.11,123.585405545607,99.87,4.47470817120623,73231.55,247.954545454545,1913.40405456585,1085.57653914906,1077.68565624959,904.18082613809,4975.48432633082,103.1,99,91.6,74.7,171.15
"182",dez 2017,278267.557246667,1921707.03770361,262937.225259435,1.69444842018928,110.14,124.345987603002,100.99,3.93394851869839,73749.95,238.95,2416.07876460449,960.528094886985,1049.70466363711,1046.63305003035,5455.66357401656,106.1,100.1,91.5,74.9,169.65
"183",jan 2018,278659.574255471,1924059.41791864,250630.216545433,1.52041333216782,111.88,124.331232069556,99.48,3.92766867587011,80957.0454545456,225.954545454545,2077.12303838063,674.679848203306,910.928993152137,1481.46610595145,5308.14837025477,105.4,100.3,93.5,75,171.2
"184",fev 2018,279569.998655564,1924950.70095261,246878.899481132,1.46002275307068,111.17,124.735073347656,101.89,3.77285103072733,84706.0588235294,237.105263157895,1575.86363721875,701.373869212762,904.677524499789,900.48793956862,4200.25741104546,104.3,100.5,94.9,75.7,171.78
"185",mar 2018,282095.039173508,1930154.18138707,249598.062067989,1.61026340626934,110.5,124.879597255231,102.57,3.79820802493185,83966.7054914016,243.952380952381,1988.16386733236,959.519495903934,1176.7441487819,1012.13240960399,5256.59963559053,111.3,101.4,96.1,76.2,169.09
"186",abr 2018,285099.168990769,1933465.87613258,256107.348815148,1.7327448578675,108.77,125.262331467998,106.74,3.54223433242506,86278.1930993553,245.238095238095,1702.98091938066,1047.82518062931,1131.93633937087,858.053755118997,4748.68858105082,116.4,100.5,94.6,76.5,175.83
"187",mai 2018,291294.164333577,1935327.73055584,258431.49388421,1.44212998350605,108.91,125.127926437354,110,3.44157106747036,82295,267.260869565217,3436.42738986349,1213.15709906135,1142.25259675253,1476.21721384549,7683.55522653208,119.7,100.2,92.7,76.4,191.92
"188",jun 2018,297676.519991067,1922617.82088636,253550.129811913,1.32512515862645,109.7,125.106169415859,110.84,1.92547178848548,72680.7619047619,325.761904761905,1845.47364498793,1164.17969402371,1189.1553009892,1179.0072363914,5307.45415535933,127.7,98.2,89,76.1,197.93
"189",jul 2018,304941.230289237,1928212.59145363,245904.046071313,1.09420541603349,110.88,125.519478348882,111.84,1.83767228177643,76993.5714285714,293.636363636364,2648.29428499406,707.959120816632,1150.86029430971,907.064117808543,5276.81438045064,115.7,99.6,90.7,75.6,197.04
"190",ago 2018,308253.524659319,1942499.83750517,241280.633861148,1.24130500121873,108.64,125.940727210945,113.82,2.12112486802956,77800.4347826088,305.695652173913,2564.64002773933,1109.64818289553,1347.33035482011,998.579923997116,5795.07291420178,114.2,99.3,91.9,75.9,198.68
"191",set 2018,304435.713150342,1945421.20884065,236373.892299154,1.30381284431061,107.93,125.593624580592,116.32,1.78896010714629,77062.6842105262,320.7,1720.49038297236,1175.27989994675,1310.92106141299,805.628200467693,5073.05728510289,121.5,96.4,91.5,76.6,210.59
"192",out 2018,295785.468446213,1947575.91045393,232069.696713037,1.22041333216782,111.02,126.313727052625,106.32,1.75975516449884,84197.1363636365,267.347826086957,1311.00987702758,1423.56998235955,1551.99532183687,758.063045750937,5269.87914660044,110.3,95.2,91.7,76.2,197.73
"193",nov 2018,290881.345842868,1958457.73893385,230909.082870098,1.38577382352156,108.16,125.92731758201,106.72,2.25852955309949,87440.4210526316,262.681818181818,1925.32407013412,1199.21096329422,1280.0776953913,990.038657204631,5453.12728756646,111.7,96.3,95,75.3,192.92
"194",dez 2018,286658.348377703,1956986.56183817,232028.757253085,1.54723444061528,103.26,126.234980927147,109.46,2.55421686746988,87065.4444444444,269.95,4620.51460703971,860.529033265963,1251.16239614136,780.162737623103,7750.88251154948,113,95.5,94.8,74.8,193.73
"195",jan 2019,284253.922116929,1948467.32267554,235891.330296699,1.56212998350605,106.92,126.635680754371,106.18,2.5245712083253,94496.0476190476,252.181818181818,4252.2208435394,1662.93303191738,1366.10831635486,744.197331574047,8004.86448952733,111.5,97.7,98.1,74.4,186.91
"196",fev 2019,285553.925871786,1941763.82956328,239575.885165011,1.54002275307068,106.85,126.623948454698,105.64,2.41601694099529,96718.8000000001,240.45,3034.15777999151,1366.75264343788,1396.01578169216,543.498306792239,6550.61767010479,111.3,98.2,97.9,74.6,187.38
"197",mar 2019,290831.002831354,1935396.1452274,242463.305338966,1.41444842018928,109.05,127.378255212427,107.76,1.74029451137885,96930.3746986127,247.142857142857,2552.18152555299,661.633048527243,1130.78030447633,502.670400075141,4921.37129228558,109.2,97.1,95.6,74.6,192.19
"198",abr 2019,300627.364489488,1938779.74787782,246912.241634242,1.29488215447066,109.08,126.841827567542,108.96,1.39127120259195,94868.1255360738,250.818181818182,964.441295838462,562.721134824162,1286.00809777461,627.540202678021,3396.02468035301,117.3,97.7,95.1,74.6,195.13
"199",mai 2019,312447.206420162,1954091.58219655,250253.372661896,1.41130500121873,110.07,126.80918572984,110.69,1.66252627555896,94168.0454545455,259.086956521739,1869.97920676028,778.239018206799,1225.39457887048,348.207327344538,4434.69403788949,119.5,96.6,91.2,75.2,191.27
"200",jun 2019,322998.634168422,1974170.90414822,252600.990789637,1.41381284431061,112.34,126.118127006427,107.71,2.93121795491922,98992.8947368421,248.3,1634.40195329438,813.485148186534,789.831216639456,367.824853067743,3583.54220974718,119.1,95.5,90.8,75.1,181.86
"201",jul 2019,325568.593680271,1990176.93823188,251570.31082623,1.37041333216782,112.77,126.529216089077,106.95,3.08079829490409,103463.181818182,220.869565217391,1823.01353920099,503.165600319484,1028.85339796525,558.502376388999,3758.10763986175,108.4,95.1,92.6,75.4,180.49
"202",ago 2019,321580.131203636,2003639.96080934,250496.565181616,1.31026340626935,114.88,126.172194188992,110.62,2.38808856231267,100610,239.909090909091,3089.39264014639,490.608264461304,1401.62669244349,556.353009008389,5297.79231161756,114.2,95.9,94.1,75.7,180.99
"203",set 2019,311976.692475449,2012743.02540744,249288.391754837,1.2227448578675,110.82,126.056198872034,112.63,2.74079113616483,103539.952380952,235.333333333333,1338.58329067324,557.018916843338,1539.12637156615,489.288761477675,4062.94968678876,116.9,95.9,95,75.5,190.45
"204",out 2019,295045.850444738,2012977.79929983,245637.019781062,1.24212998350605,110,125.898456616959,112.09,2.76965086795398,104662.217391304,243.521739130435,1563.21837290901,427.784915564439,1536.42725771672,564.814544615756,4376.70187422,111.1,95.4,94.6,75.7,194.65
"205",nov 2019,288363.697605646,2006495.0788421,242085.261954116,1.21512515862645,108.41,126.596744019614,113.51,1.5783867531713,107691.210526316,237.761904761905,2798.82190915046,523.330118581662,1585.11436689265,674.522448974797,5856.93101796716,105.1,96.9,95.7,75.4,204.27
"206",dez 2019,289755.057713806,1990344.80015388,240590.340441142,0.804205416033489,107.99,127.01113838483,111.81,0.268430639440154,112741.421052632,222.095238095238,1093.76391966775,842.67717297125,1148.60428844596,363.333495982324,3249.04871213955,112.4,99.4,96,75.1,205.54
