"","FBCF","CIB","CURI","EMBI","ER","IBOV","ICE","ICI","IIE","IR","LAGR","LCOM","LIND","LINF","NFSP","POUP","TT","WP"
"1",2.91169090086199,4.61779021734419,4.36437169943516,0.523629023601567,5.06423925018105,2.30561051179573,4.53903038348355,4.57882621064849,4.84968376303849,9.30316415757684,-0.234862518325993,-1.63219550080728,-1.20878326000227,-0.399443205725708,-3.31,2.65309736310531,4.5335667671284,4.39345383438375
"2",2.91340412929799,4.64976106931597,4.37701409285034,0.417487783335247,5.06701562753236,2.38329640301414,4.54116485601218,4.60416968565451,4.8283137373023,9.3308451079712,-0.0273652236656691,-1.61210749540318,-1.12730796202384,-0.444516041299267,-3.19,2.69320081199451,4.49200148788245,4.3760419946418
"3",2.89959910891235,4.61956606627182,4.38949864951258,0.275425447782742,5.00635949923347,2.44114868918064,4.57471097850338,4.63375764284,4.7740687224499,9.25133222678429,0.0186302275827645,-1.56324946265651,-1.23273364752577,-0.498440009808292,-3.24,2.75487386684167,4.51906748693468,4.38973563411129
"4",2.88455405163168,4.69180649264764,4.38576962095272,0.257081102341907,5.07636061071339,2.33699135061758,4.57367951889672,4.60416968565451,4.72206393745959,8.48511005610701,0.00719715908555892,-1.56115690513511,-1.1424553615711,-0.48688700975378,-3.35,2.79534075980249,4.49992077526899,4.39810664350999
"5",2.85825672406092,4.60696856792947,4.38327585407431,0.0864834598881341,5.02945704833684,2.39563868931229,4.57264699428253,4.57677071146639,4.68951133442184,8.36407308913099,0.0550400327969641,-1.49720699473347,-1.08248616901606,-0.546996802634647,-3.33,2.7896539810367,4.52710053056617,4.40283797312318
"6",2.8239286044455,4.50909971723736,4.38077585277223,-0.106366312307028,4.92826766366083,2.48680744413137,4.5485998344997,4.55282370561588,4.59410923862867,8.17847049755929,0.108661269719032,-1.48178136442044,-1.04861124198417,-0.527372021104839,-3.57,2.7537715949673,4.52352619694758,4.39873846361691
"7",2.79211805166534,4.46969404642564,4.37197629882038,-0.243520206969512,4.89057466669581,2.57196134594516,4.48074010760991,4.50976000118343,4.73268350628705,7.73626748549983,0.133282490840395,-1.48858965343753,-1.00842936175372,-0.404404917503524,-3.61,2.73062775298852,4.53892354016916,4.3969124074852
"8",2.76964954818404,4.43034049495243,4.36054760299676,-0.281037529733112,4.86968598040803,2.60202279645668,4.43319492124828,4.45782959808938,4.64053732982538,8.16676674959251,0.109503809008289,-1.51889744940987,-1.0058580160099,-0.403781286120001,-3.42,2.7323464517203,4.54785881927498,4.39819445966319
"9",2.75737138644056,4.44288652293064,4.35156742718917,-0.246679224721236,4.8613615913485,2.6063798381452,4.39814601655377,4.41037110768302,4.71312732749318,8.60261630425365,0.0663700711614764,-1.57967900858401,-0.983322203942033,-0.327038105893714,-3.42,2.74934895999853,4.55208581489564,4.4048817552088
"10",2.75686967951358,4.50092016461429,4.35926964755127,-0.2480951260038,4.88914539650855,2.63965918927772,4.47392189937814,4.47506150064107,4.66249525260736,7.32597549317804,0.074040808848402,-1.62134320707347,-0.992778135447168,-0.37990521391888,-3.55,2.77369703164558,4.53870981928782,4.40507060112724
"11",2.76968454442841,4.49602473872729,4.36818122785183,-0.397023565669083,4.86460709299957,2.77847477448744,4.54648118963941,4.5485998344997,4.5485998344997,5.10682647212088,0.0709786006513054,-1.63505137677142,-0.990037046914611,-0.267629109780571,-3.35,2.81127959140053,4.54041830875839,4.41363543340965
"12",2.79294362846374,4.5143698216616,4.37701409285034,-0.466878084072347,4.86004493546375,2.87816959405219,4.58700621536042,4.60316818331742,4.59107126160859,4.87804878048781,0.0596935823287301,-1.6937175328648,-0.961878778178772,-0.189165385782128,-3.34,2.86550763090564,4.56184506124972,4.42411372365006
"13",2.81367354294399,4.54902302536509,4.38077585277223,-0.566250247371594,4.87336358185601,2.94507824847448,4.58394654953646,4.62595272517062,4.57367951889672,6.56638443523689,0.0540209205892959,-1.71905015753944,-0.974943634687195,-0.157149052953244,-3.36,2.91412272718668,4.54223038621422,4.42489714944699
"14",2.82996217352743,4.57769620898734,4.38949864951258,-0.715021042291088,4.89087530555565,3.05200626863316,4.57779898919196,4.64342889810518,4.53044663979215,6.96248856358646,-0.130636906158599,-1.75868088108047,-0.961479882574994,-0.179094269148653,-3.24,2.93984515204489,4.54997455052014,4.43537099203482
"15",2.84293388645812,4.53806838244736,4.39691524716763,-0.830987161562887,4.87466282923966,3.15328735590287,4.60316818331742,4.66814498514948,4.5485998344997,7.99368675146226,-0.129820728548646,-1.83280229498033,-0.950389470247276,-0.2303429679499,-3.35,2.94898979940385,4.55786891287008,4.4403646341631
"16",2.85428567737871,4.57594732731119,4.39444915467244,-0.605869172452885,4.92529524692924,3.0896627140769,4.63278535302106,4.66249525260736,4.49980967033027,9.00740463023715,-0.0768473789704848,-1.81750227969345,-0.971275625760926,-0.191810699186028,-3.33,2.9616310080294,4.53066213381303,4.44588724040456
"17",2.85550507499645,4.6208466653731,4.39321382406445,-0.587691017302583,4.90904543833462,3.09259335885659,4.65681341913993,4.65776263610726,4.58700621536042,9.72707526678629,-0.118567222275509,-1.94950275514641,-1.00433661791178,-0.170580635833234,-3.43,2.97641221706331,4.54457056385916,4.44499352814078
"18",2.85029392663877,4.63783096822764,4.39197696552705,-0.520314949787107,4.90601524496615,3.07715891160771,4.66720557690754,4.66249525260736,4.62399194022868,10.1653049591488,-0.131306527282189,-1.96130954428703,-1.02916534944355,-0.178986533716871,-3.29,2.98678049898623,4.55723965223054,4.45186818300154
"19",2.84612622136952,4.71921290202875,4.39444915467244,-0.320467662479497,4.95983310716587,2.93802244720991,4.66720557690754,4.68305672464516,4.55071400019203,10.0998573466476,-0.143954944161726,-1.95518187533604,-1.0709146174607,-0.249905103270242,-3.33,2.98013162098247,4.574298522321,4.45465537378489
"20",2.84777036450537,4.72366408003588,4.39691524716763,-0.40265088991929,4.97050750300548,3.00677112066921,4.68120487226409,4.69501088998788,4.53903038348355,9.18348104846314,-0.102101013853388,-1.92814093597476,-1.11512982189058,-0.23199328120768,-3.59,2.95556239844843,4.53474772169155,4.45838469555329
"21",2.8538197578066,4.68101949827153,4.39814601655377,-0.486059104076808,4.93734749832642,3.07930500708472,4.704110133843,4.70862889435632,4.54965747605783,8.38872764722403,-0.0306928339741288,-1.86791928640058,-1.16239572516894,-0.292014398939326,-3.6,2.92295926550815,4.58169682980245,4.46318517667274
"22",2.85775190054332,4.66466475777373,4.40060302024682,-0.582826260801358,4.91742291237408,3.10313229890637,4.71402459090017,4.70862889435632,4.51961229762644,8.09852584437394,-0.019227195970656,-1.80381270989857,-1.2335863877667,-0.217514810204188,-3.68,2.90211119362252,4.54350752559598,4.4609091168401
"23",2.8592965804503,4.65023914935567,4.4042772436087,-0.715671690638623,4.87961503165785,3.12233345766126,4.72561633906396,4.7211738617444,4.53903038348355,8.80037488284913,0.0415563056064537,-1.7312635471167,-1.29179040366854,-0.262338162907074,-3.65,2.89649303025605,4.54838817188911,4.46842735025761
"24",2.85820402142527,4.65310283974339,4.40793801645838,-0.75888006545969,4.87504463978991,3.15131407169988,4.71849887129509,4.72384171570559,4.49423862528081,8.93692682013849,0.0595890727935015,-1.70638020585437,-1.39532074332303,-0.35415399441709,-3.63,2.90153309732928,4.5049077640497,4.4727590388546
"25",2.85429510193938,4.63599032832798,4.41279829334063,-0.82387730559553,4.86019992616462,3.17995618638739,4.6737629774537,4.70501552095781,4.52070102936164,9.06378217083177,0.0214103255977892,-1.73474505908576,-1.48299524972876,-0.388945384113537,-3.51,2.9076220177883,4.53731951907992,4.47005661690505
"26",2.8474431685031,4.6193689053879,4.4200447018614,-0.921412521526509,4.84324175788654,3.24006870846601,4.63278535302106,4.68859179412716,4.49758497530815,9.20074349442379,0.112084643865154,-1.72637068473769,-1.57537137107902,-0.359352535329785,-3.69,2.91160581106181,4.52915269956418,4.47530089545447
"27",2.83938278910497,4.61620903310331,4.42604352009066,-0.862073145969359,4.82044284292173,3.19593058473298,4.61808641125464,4.6737629774537,4.53367418428302,9.79424634577786,0.137865484948287,-1.70889882089816,-1.60843073303927,-0.24947316385925,-3.78,2.91621128763281,4.544783035973,4.48522676584623
"28",2.83938115010477,4.58843086198379,4.4224485491728,-0.903497910075403,4.78790832266726,3.27908205851892,4.62497281328427,4.65300751540225,4.50865928560725,10.3175342210634,0.0668326318367377,-1.67594291358839,-1.64321620657569,-0.249885826203143,-3.64,2.92161056027759,4.5403116136396,4.48746702386321
"29",2.84387397148743,4.67114517491162,4.4188406077966,-0.86199626369914,4.83071086190202,3.30587283585347,4.62986279857846,4.63375764284,4.5152454784601,10.6286033103961,0.0480994958205835,-1.68993410775401,-1.66710438189412,-0.273291121269553,-3.73,2.92415977179251,4.54105824052085,4.4892780960356
"30",2.84972222777635,4.60376920507246,4.41521960202965,-0.787248567439381,4.77288559039268,3.25371639005373,4.62202730305451,4.62399194022868,4.58802402715312,10.4099194966226,0.0140259440266286,-1.70404666532695,-1.67797649172435,-0.279296097784299,-4.08,2.91958918852596,4.54308199367467,4.49557413805958
"31",2.85053675826312,4.53517681416756,4.40549899085902,-0.829800323898652,4.71527940866812,3.21125831373114,4.57882621064849,4.60316818331742,4.60116216459055,10.6987505784359,0.0599749090432713,-1.70785992799938,-1.72020980018454,-0.270719782764865,-4.01,2.91188562634053,4.56288879373149,4.49378078920208
"32",2.8453432671112,4.50225113198025,4.39568296112137,-0.861243130089922,4.68536672798237,3.23597962644248,4.55912624748668,4.57677071146639,4.60916220725763,11.6341940896802,0.0519206872112483,-1.71836779733193,-1.70871177935352,-0.292495376481387,-3.99,2.89868384553575,4.54912879510447,4.49713634936056
"33",2.83620258427464,4.48503438474811,4.38576962095272,-0.894505943373984,4.66701758931417,3.22901095712639,4.55387689160054,4.55912624748668,4.60316818331742,12.3393074974195,0.0217731163950406,-1.73526658298883,-1.77667231619366,-0.270162833831589,-4.02,2.88373907957291,4.57233702889285,4.49788620058853
"34",2.82920462872557,4.5049077640497,4.38576962095272,-0.912926830921134,4.67114517491162,3.29612667907693,4.55702981066016,4.55282370561588,4.59814557105113,12.9503867194869,0.0657832543786795,-1.76413009482091,-1.81951102250106,-0.362042900584647,-4.02,2.87431880675089,4.54902302536509,4.50179225507217
"35",2.82470477373355,4.51041984944228,4.38701417618492,-0.979133721540977,4.6446793190828,3.39651181836063,4.5685062016165,4.56538931597625,4.55807857845424,12.7970577140702,0.0962431390998611,-1.82176496118826,-1.83604401013018,-0.380636272721163,-3.94,2.8717879966486,4.55398214921866,4.50453511372267
"36",2.82293741846747,4.5335667671284,4.38825718442452,-0.989373588612631,4.61393169165666,3.39598381460927,4.55176940926098,4.55597994179732,4.52504414150881,12.1192177510342,0.136337076498385,-1.80269676554436,-1.84747182926145,-0.363332708390219,-3.97,2.87443799362208,4.54499546295202,4.50748942887607
"37",2.82708351547981,4.51961229762644,4.38077585277223,-1.05281360751256,4.57687358683298,3.43871311652462,4.52828914165213,4.56121829845891,4.57882621064849,11.9092449632838,0.169934163090487,-1.76832616855001,-1.84561274307153,-0.368391937588195,-3.91,2.87762885549832,4.56268013436714,4.51715379763728
"38",2.83838491899517,4.60517018598809,4.38949864951258,-1.15974791058808,4.61412992735956,3.5004435283201,4.51852237926242,4.58496747867057,4.49312068217947,11.8743495127259,0.108485386517589,-1.72644342480967,-1.85793369412986,-0.273891008482323,-3.74,2.87847941100977,4.57974980864118,4.52134757657974
"39",2.85515587469772,4.6231083311191,4.40305400186596,-1.26343333123656,4.61194717026711,3.58876836359625,4.5368913452348,4.60216567696779,4.5368913452348,11.3055818353831,0.197507584705963,-1.50115039152551,-1.86963890164791,-0.340690790792811,-3.42,2.87799269118658,4.57460788040545,4.52469604777766
"40",2.86646354248099,4.58057006911986,4.39568296112137,-1.43275723553023,4.55849777778966,3.62569409111887,4.5798523780038,4.60816569496789,4.48863636973214,11.1553407259976,0.267553212589776,-1.52626512764908,-1.87708295171997,-0.337137875912129,-3.37,2.87593863988536,4.59228756015708,4.52687406476917
"41",2.86679696027295,4.54127146013786,4.40305400186596,-1.47232598107408,4.5569248733601,3.63670958285089,4.60916220725763,4.61313835563727,4.52504414150881,10.843144701861,0.278489105781491,-1.52504729545274,-1.8919775480529,-0.331787213872764,-3.29,2.87061929139478,4.56902473935174,4.53122035750228
"42",2.85888354547127,4.5569248733601,4.39444915467244,-1.45243416362444,4.55534949100414,3.66316368039382,4.64439089914137,4.63666885304746,4.50092016461429,11.0484564656408,0.292307703850717,-1.44386450532786,-1.86501657893423,-0.292320210910081,-3.31,2.86656595347913,4.57460788040545,4.53424887315182
"43",2.84914707244295,4.59633123732089,4.39568296112137,-1.40207032371406,4.59824627091527,3.66440744218945,4.58802402715312,4.61115225766564,4.58496747867057,11.0045092583709,0.255519878696641,-1.42838978495267,-1.82177920048895,-0.291143650317529,-3.3,2.87304669069992,4.57357631439691,4.5392446745613
"44",2.84046958767943,4.60146332405677,4.39691524716763,-1.33889043872504,4.6283983121073,3.55741666874467,4.59107126160859,4.60616968632117,4.54435804659133,10.7180620974719,0.252202710680794,-1.38582666402411,-1.78316883387194,-0.277933086396122,-3.32,2.89363953597061,4.59036107033438,4.5435722188634
"45",2.83326986828582,4.60266705576997,4.40305400186596,-1.42890366621424,4.60636946656357,3.59188201836018,4.61808641125464,4.62005879848184,4.53796143629464,10.5895931518707,0.242572184924315,-1.36677896802945,-1.73740736806409,-0.256694648071295,-3.24,2.92028116291858,4.62094510510345,4.54434793008227
"46",2.82967691208784,4.57522630961502,4.4042772436087,-1.52246276798492,4.59713801429083,3.60885821360128,4.60116216459055,4.59814557105113,4.54329478227,10.4198767334361,0.258889725606615,-1.33711477699675,-1.68309541245557,-0.228494781646084,-3.35,2.93823537380564,4.61571439986376,4.54946107309109
"47",2.83050440079606,4.5502915244781,4.40549899085902,-1.4740332754279,4.59653299259243,3.58833924652615,4.62986279857846,4.62202730305451,4.5685062016165,10.0964320154291,0.236770714320926,-1.31026284882482,-1.66893114021191,-0.184577132197334,-3.22,2.94632047684506,4.63093539387412,4.55132095977437
"48",2.83505500045733,4.56184506124972,4.40182926197006,-1.52451204193549,4.58210624638954,3.65398726413487,4.60216567696779,4.61015772749913,4.59005654817804,10.3525082316483,0.190789588557059,-1.18997647190442,-1.66477728550273,-0.141075284870039,-3.29,2.94965046009064,4.6372500794515,4.55208924819529
"49",2.84025883846511,4.60396946541157,4.40182926197006,-1.5147207938313,4.59127408079598,3.71842292665188,4.60216567696779,4.63278535302106,4.51852237926242,10.3183847796544,0.198843721556457,-1.12221246125182,-1.62450562283907,-0.0251056685704066,-3.28,2.95521589005995,4.62751858965185,4.56062499857216
"50",2.84551792044396,4.61323755706585,4.40305400186596,-1.57745486658105,4.5980448610455,3.76853787743338,4.59612944133594,4.65681341913993,4.58190155904874,9.74403723094821,0.195454937306703,-1.0870897750619,-1.6090829500684,-0.0486457610681475,-3.15,2.96432127747664,4.65062144889201,4.56744840076586
"51",2.85123996481409,4.59623034441862,4.41037110768302,-1.65215564211925,4.58343569384208,3.77144973401458,4.58292457704077,4.64631212931927,4.51961229762644,9.84561607923098,0.0630953723144331,-1.15831519729838,-1.60258837084104,0.0284530063344612,-3.49,2.97462455265289,4.62654021172428,4.56967914780821
"52",2.85874476183442,4.59299638505638,4.42124734782716,-1.69744978975731,4.56278446949165,3.81029661905669,4.65109911787649,4.67656018207476,4.57471097850338,9.61949136090079,0.0275348557586099,-1.14150727953087,-1.60465318226898,0.0269756045436571,-3.5,2.97988177488669,4.62330475618357,4.57373856075198
"53",2.86589040895427,4.59259140378123,4.41400968052693,-1.67859313476157,4.56580546246581,3.78945064193625,4.68951133442184,4.68951133442184,4.51633897228148,9.49883449883449,0.054794548192095,-1.12049959032567,-1.5946961461904,0.0442346775094458,-3.41,2.97814648602806,4.64294755032212,4.57836380804651
"54",2.87330787229229,4.56299310708891,4.41642806139121,-1.86626752140312,4.54955176222508,3.86702072856119,4.7122292582815,4.71312732749318,4.55912624748668,9.30097087378641,0.104991980042398,-1.10052448547963,-1.6036749473595,0.0777351497806325,-3.41,2.97218404643013,4.61045619041733,4.58013722093996
"55",2.87861855584732,4.54233687681652,4.4200447018614,-1.91289594748005,4.52720864451838,3.9362569762731,4.70501552095781,4.716711560721,4.57264699428253,8.9649156813336,0.196909209416202,-1.09071216462509,-1.59552670399106,0.148525788430073,-3.45,2.96542644569897,4.60946096740525,4.58786720655363
"56",2.88336490763485,4.52211461085077,4.42604352009066,-1.91667502378698,4.50114211556404,3.98239758857841,4.70229689671881,4.71133038181648,4.49200148788245,8.04320570932589,0.192468926360889,-1.10308671491413,-1.60763803872256,0.200118498340192,-3.39,2.96023406401137,4.61115225766564,4.5888268064807
"57",2.88817698490126,4.51721290722895,4.42723897749543,-1.7786637751886,4.48683699902623,4.0289176042133,4.72738781871234,4.72738781871234,4.4818719696436,7.70194717563137,0.158177533179171,-1.09175610326839,-1.60148548527857,0.197410699969107,-3.4,2.95715928477169,4.61135104506317,4.59236849560256
"58",2.8946749347836,4.54159120434522,4.42484663185681,-1.60250547565846,4.52450228292064,3.95437009726562,4.72915616576908,4.72472942104573,4.56642935767166,6.95910923401806,0.113826222034218,-0.989281756647213,-1.6089103900509,0.191281168076799,-3.24,2.95496110152552,4.62035432131313,4.60011119277749
"59",2.90297242909717,4.54775291511814,4.42962561347316,-1.65495842773591,4.49892038614538,4.0317979739969,4.74057482299429,4.72827238312207,4.56642935767166,6.78828612578013,0.106327189446717,-0.971546369821124,-1.61480724832723,0.213192359727532,-3.21,2.95293829261923,4.62957007281163,4.60119661789361
"60",2.9126544718002,4.5321692931036,4.43793426661218,-1.77246848174861,4.45632208925168,4.13805692106658,4.74319148388547,4.74319148388547,4.57677071146639,6.78063772570112,0.171347030309515,-0.995769463155587,-1.62710855778658,0.229918358142606,-3.24,2.95159462789414,4.65157655880225,4.6081016773607
"61",2.92056670510044,4.53033887536509,4.43793426661218,-1.55224162052366,4.45655416165931,4.13433336763143,4.70953020131233,4.73532087045314,4.56746831880408,6.70889720702561,0.212190741694837,-0.997248925078014,-1.65006824608209,0.228615379107828,-3.34,2.9525355820604,4.63151996131087,4.61037183143534
"62",2.92597466201375,4.54137805290031,4.44029554279786,-1.53665224270845,4.46199241631176,4.15056210147958,4.69226489283902,4.7397010789457,4.52287494326126,6.43308443423318,0.224969458846127,-0.963910117937582,-1.6046459655703,0.23017372532908,-3.24,2.95623004943683,4.64150211523548,4.61652976892415
"63",2.92946765535381,4.58496747867057,4.44851637594271,-1.41040887996909,4.45655416165931,4.08841431459849,4.67562864963665,4.73180283692146,4.59814557105113,6.33129303749043,0.319177852069446,-0.933497423661061,-1.62066516960843,0.213209839465992,-3.39,2.96232086964921,4.66202299758087,4.62481742495008
"64",2.93463631596956,4.63908840419155,4.44382703557933,-1.35942062136833,4.4468776069935,4.13574659901162,4.69774936728118,4.73356340075649,4.58496747867057,6.28047031832519,0.309492207558804,-0.929607370956303,-1.63625288974507,0.203813605359567,-3.43,2.97036086842794,4.62732299062922,4.62526377001025
"65",2.9407305008405,4.65738305743503,4.44851637594271,-1.28644902615017,4.45806132094988,4.10517659608089,4.7202829930886,4.7211738617444,4.57882621064849,6.15869378401603,0.313654787973525,-0.919389189813113,-1.65334448599836,0.199613200390366,-3.63,2.97819072574742,4.61857987289801,4.6224954935019
"66",2.94625125144815,4.65719321405524,4.44500143383527,-1.41040078191788,4.45399839818635,4.17710604779287,4.71849887129509,4.71939133007811,4.55492896955134,6.02627570449352,0.299340478868146,-0.945956235206201,-1.67089186755891,0.220647482503135,-3.61,2.98198072573526,4.60286753692542,4.62425837713641
"67",2.95746051834906,4.66372207293771,4.43793426661218,-1.58430193916256,4.4322443508345,4.265629747245,4.71849887129509,4.72738781871234,4.52504414150881,5.73025194165562,0.244286806036212,-0.910909762339653,-1.66304376153864,0.199773887828342,-3.6,2.98217468893063,4.65195834748685,4.61877060394347
"68",2.97279928506264,4.67981372898386,4.44029554279786,-1.63353546401316,4.4080598117207,4.20820031948663,4.73707525686803,4.74144780428064,4.52070102936164,5.6854610597775,0.227207756154381,-0.913744949542115,-1.64578756426801,0.18061904919426,-3.62,2.97637435487352,4.6710515551016,4.61744319121469
"69",2.98974776078133,4.65338875825857,4.44734610079452,-1.45970692295352,4.39518962120016,4.09050538381695,4.73356340075649,4.73444252169223,4.52612697864764,5.63128701701605,0.292073409257412,-0.882208203502395,-1.63153901793013,0.192079182420774,-3.72,2.96570403452461,4.68213122712422,4.61447838390517
"70",2.9970050246903,4.57759341821786,4.44500143383527,-1.44392347395653,4.38887810962298,4.01559077221444,4.75359019110636,4.73707525686803,4.50534985070588,6.35772817179994,0.667346233202792,-0.906387286805076,-1.640553041287,0.334498906150327,-3.76,2.95510274025684,4.71160012960394,4.60567510780457
"71",2.99379641591089,4.62712735334013,4.43793426661218,-1.2413285908697,4.47289514667827,3.92384377314187,4.71312732749318,4.71760561531788,4.59208494643944,6.72000000000001,0.66633181539268,-0.802078964648586,-1.61573015709507,0.301695400876957,-3.85,2.94430316571003,4.69052185308759,4.59642944000186
"72",2.97989357721894,4.63443768366866,4.42962561347316,-0.711218580023467,4.60756731058781,3.64133769514496,4.61412992735956,4.6269316777696,4.88582764350291,6.81326942956488,0.699234772454064,-0.78407889264416,-1.56326585266954,0.312942904998024,-3.98,2.93012923247987,4.71411427297727,4.58398428097453
"73",2.96033728901726,4.59390699370938,4.4200447018614,-0.759849444410103,4.61174850134821,3.58097183769825,4.42843300748804,4.41037110768302,4.85359154448657,6.81455023968418,0.684112864640592,-0.744155291259881,-1.55507940783809,0.305878566150957,-3.69,2.90537340750223,4.66221192635529,4.55303259724759
"74",2.93543506325359,4.58476337621043,4.36564315542336,-0.737004078775354,4.67460296070343,3.62587974839238,4.31615389052317,4.30406509320417,4.8023803552758,7.32766761095374,0.694779763098405,-0.722959045658744,-1.56622335593438,0.32178275378568,-3.33,2.86762363948792,4.64727136200673,4.52242132541932
"75",2.90735952567887,4.57440165231646,4.34898678059568,-0.845521660985949,4.61838251746023,3.67802793159523,4.32280727501391,4.32148013480585,4.78749174278205,7.06727135298564,0.687228696187433,-0.613636778426966,-1.53789497490268,0.419810282833951,-2.89,2.82298153819396,4.57522630961502,4.49567751158418
"76",2.89081656357686,4.53785447870322,4.34639945703073,-0.845832268225594,4.60055957343041,3.6932269345554,4.36054760299676,4.33467293829041,4.81705054502359,6.3833805476865,0.687844342825366,-0.556268487538351,-1.46461228887585,0.453613980032591,-2.74,2.78955417503508,4.59370470787881,4.49118916830639
"77",2.88893274832675,4.5143698216616,4.34639945703073,-0.835444151588607,4.57882621064849,3.6811843695222,4.3907385752759,4.36437169943516,4.8331022540341,5.76649938452798,0.692250009776235,-0.511765416109949,-1.41174501028042,0.469641476098882,-2.56,2.77552278870836,4.60366905986182,4.49176326813274
"78",2.90064258773386,4.50766760462685,4.34769395559338,-0.95984462924834,4.55786891287008,3.80621933059109,4.47163879336357,4.43556740160191,4.76302827060367,5.28759594428125,0.679296064763028,-0.459999671176464,-1.35382487585836,0.471735134879238,-2.3,2.77692402493092,4.61224509966005,4.49592348159505
"79",2.91544477982096,4.50876941170174,4.35670882668959,-1.16094372340421,4.49880916999668,3.92972538954115,4.50976000118343,4.4818719696436,4.716711560721,4.71482889733839,0.676098658534121,-0.399580213589219,-1.32954553065518,0.486614529231144,-2.09,2.77504731051394,4.61274145148441,4.5042018024211
"80",2.93237154751255,4.46980854805742,4.36182392735636,-1.2690771420732,4.47026642352329,3.9524170226649,4.54329478227,4.54116485601218,4.69226489283902,4.52290076335877,0.691316285139101,-0.329687064079352,-1.32345993054278,0.512942849533173,-1.87,2.76618320516702,4.62888671260541,4.51309442240384
"81",2.95051539786445,4.45283452468439,4.35799005684564,-1.30852849096647,4.45875616753256,3.95255142958811,4.58087749341905,4.58087749341905,4.69134788222914,4.31578947368423,0.692703365180807,-0.29166089117112,-1.32291647492482,0.540059060258233,-1.6,2.7569660372635,4.62565885241541,4.52173063171975
"82",2.96680277328223,4.46037560108486,4.3732381286408,-1.37662695571776,4.41715243664926,4.03710967486989,4.63278535302106,4.61115225766564,4.67095792652609,4.1107704101188,0.387216114399018,-0.252116413990026,-1.31917383294681,0.464145672774074,-1.46,2.76371158581065,4.63181211693451,4.52993829453622
"83",2.9819295688414,4.45225207956338,4.38825718442452,-1.42427947430495,4.4083033577521,4.08083949219193,4.6737629774537,4.66438204561994,4.69134788222914,4.130726471152,0.509881339363505,-0.253590574808322,-1.29293077647121,0.496267323351759,-1.07,2.79438402299646,4.66419352643755,4.54315560085762
"84",2.99694270265732,4.45875616753256,4.39444915467244,-1.48400742554052,4.37134478632702,4.15872533282247,4.68305672464516,4.69592454925656,4.66343909411207,4.30066237880387,0.862996202897782,-0.242660685570544,-1.29011856266006,0.477064983235618,-0.94,2.84104548025599,4.66936489803009,4.55026172882661
"85",3.00683529290844,4.47369382319971,4.40549899085902,-1.51002361195382,4.37285974684906,4.18965234967907,4.68120487226409,4.71133038181648,4.62399194022868,4.2506236806755,0.870256136370902,-0.248373852316036,-1.25865227027502,0.473609895024268,-1.33,2.87133541395412,4.68951133442184,4.55863071573661
"86",3.01034746223681,4.51928544683092,4.41279829334063,-1.58408033251345,4.3804003129293,4.22111670416036,4.68305672464516,4.72561633906396,4.60015764416455,4.16067491132204,0.841270715314113,-0.219420019921609,-1.25069248128424,0.484903803464894,-1.94,2.87173222939115,4.72108481058445,4.56322880684611
"87",3.00842062347522,4.56809117774667,4.41158543691543,-1.56920556540598,4.37688845681776,4.22797408599652,4.6931810633108,4.72915616576908,4.63666885304746,3.88182426618224,0.821624454022041,-0.24420276768075,-1.22764484596699,0.415093882788758,-2.18,2.85238146693445,4.72818396188324,4.57470738921929
"88",3.00947670913982,4.57161340245925,4.41521960202965,-1.50125637958957,4.40097105067482,4.18870816621874,4.72206393745959,4.75013595623828,4.64631212931927,3.6439950395879,0.823107381796306,-0.261725363441144,-1.2462809555808,0.412893969327922,-2.15,2.84328856017263,4.71867742678169,4.57925961374003
"89",3.01415044165281,4.51415078760092,4.42124734782716,-1.66279282706852,4.36627827770574,4.24039542092985,4.74493212836325,4.74927052996185,4.57161340245925,3.30892840163544,0.805910018402251,-0.273030383941836,-1.26834643556421,0.420230487789134,-1.88,2.85188354606356,4.7295094602437,4.589698251381
"90",3.02189695783036,4.50114211556404,4.43081679884331,-1.71904021600029,4.34614035610947,4.23947680734365,4.74493212836325,4.75100063419963,4.57367951889672,3.28709861295839,0.793431547776412,-0.286146556572369,-1.31618696322992,0.386880368125767,-2.09,2.86944069983684,4.72152998710429,4.59612277467094
"91",3.02811426080124,4.4927850553933,4.43081679884331,-1.4948345296951,4.35234032430352,4.13684971087195,4.74057482299429,4.75445188870385,4.63957161270542,3.97262877779889,0.781247376010662,-0.325842613500958,-1.34308245437633,0.363624907291519,-2.02,2.88515855437786,4.76482000351763,4.60314732359069
"92",3.03294495347597,4.47688216568656,4.43319492124828,-1.44546549430834,4.33598269617247,4.14843960265429,4.72295322164447,4.74144780428064,4.61709875685337,4.86455551316292,0.772552891150431,-0.359387980038893,-1.35776980025055,0.329610078623192,-1.96,2.89513011182398,4.76430840732639,4.60416232363179
"93",3.03606787517052,4.49110522970012,4.43675153436313,-1.49712435258225,4.33650611937207,4.16112090494907,4.71402459090017,4.72915616576908,4.5685062016165,5.46845124282982,0.753891277573339,-0.394074375700099,-1.32305200163487,0.2914313870193,-1.91,2.90065192801112,4.79744207363521,4.6067384100763
"94",3.03451505748463,4.5407383258287,4.4320065669789,-1.57811544130506,4.34146502291776,4.19835302790852,4.73003916803396,4.72650247115562,4.58598736657132,5.90487127954828,0.71089232176308,-0.430036330798053,-1.33101898316975,0.320729695085468,-1.88,2.90334253547664,4.8019697619627,4.61135768907694
"95",3.02786189574701,4.58231089184201,4.42604352009066,-1.55267098935808,4.32505937903263,4.21645894477848,4.73795129722191,4.7361984483945,4.59410923862867,5.69245463228272,0.605545036130183,-0.451433464224457,-1.34362814056976,0.302771952497898,-2.75,2.90446717979472,4.84245330085602,4.61563615262304
"96",3.01816402740612,4.62673596390265,4.43081679884331,-1.67792070994927,4.31988523813603,4.25729710602893,4.7361984483945,4.73268350628705,4.58190155904874,5.19011406844105,0.0771702554609235,-0.432057950346313,-1.34835064315658,0.315439722799106,-2.61,2.90611458947761,4.83381855793675,4.62001411849511
"97",3.01505645916326,4.69473662934713,4.43081679884331,-1.72342135750405,4.32730642247365,4.25390984232229,4.71492104994721,4.71849887129509,4.62005879848184,4.76190476190477,0.0298869617245802,-0.414132977279536,-1.37941154192687,0.299097937875072,-2.37,2.91055951669288,4.84063748699113,4.6264383482604
"98",3.02086359549471,4.7366369487304,4.4320065669789,-1.72792771953372,4.300545392806,4.2275203360662,4.69501088998788,4.7211738617444,4.55176940926098,4.48494004343312,0.0531812567672794,-0.420286668490692,-1.4034269341043,0.297623961375555,-2.62,2.91731672625274,4.86089708719832,4.63300053922882
"99",3.03291025961421,4.77937556217979,4.42843300748804,-1.76888034670712,4.29305879961314,4.24534241998222,4.6746962486367,4.70862889435632,4.5685062016165,4.58533823945655,0.0756744076858473,-0.333518818613956,-1.42385259597105,0.322478082107406,-2.63,2.92681486679713,4.85577325019845,4.64178770343145
"100",3.03851822246095,4.83365942362705,4.4188406077966,-1.7472642293415,4.31307840504761,4.19744252022567,4.70501552095781,4.71312732749318,4.57264699428253,4.8674653334591,0.0420380381557563,-0.338328245355548,-1.43168132371538,0.310794375918288,-2.72,2.93530241645249,4.85491671909683,4.64013196823073
"101",3.03436876666781,4.82647204242293,4.4188406077966,-1.75597273909669,4.31441673501182,4.21315862480965,4.70229689671881,4.72295322164447,4.57574137529728,5.00470366886172,0.0119797586313936,-0.325830927945928,-1.44004630562535,0.303109203891722,-3.03,2.94075932051745,4.84142737644768,4.63385418944602
"102",3.02422321319309,4.7923963621155,4.42484663185681,-1.76026080216868,4.27957854046309,4.20574035173597,4.7202829930886,4.71492104994721,4.57574137529728,4.91033705755328,0.0276659706244774,-0.319761143692158,-1.43490282412567,0.301246928171238,-2.95,2.94334049384096,4.84489549689398,4.6315272188887
"103",3.01835400708252,4.73391514187865,4.42604352009066,-1.77920227816337,4.29619637806869,4.15466967394922,4.69774936728118,4.70048036579242,4.54435804659133,5.03988737681837,0.023645786926728,-0.31165161365086,-1.43679613623167,0.288773568556385,-3.08,2.94032371360459,4.86205794326646,4.63934076764723
"104",3.01943470408668,4.71276819658611,4.4236483093647,-1.76476352464841,4.2819300181356,4.13195301790054,4.68859179412716,4.68305672464516,4.57161340245925,5.05107300159311,-0.0157738793123263,-0.292218117348051,-1.45294094307637,0.275261832015842,-3.31,2.93151111861071,4.86483851198467,4.6458689634809
"105",3.02537283741175,4.70275051432696,4.4188406077966,-1.81927749812195,4.27332721775054,4.10151561405571,4.6802776584749,4.65300751540225,4.56746831880408,5.03415364461497,-0.0616223697566203,-0.27989490183977,-1.53356395417415,0.240620938387988,-3.57,2.92030416756881,4.8698394841308,4.65092155447322
"106",3.02861080264527,4.70971036526202,4.41158543691543,-1.60704946270458,4.29633257146352,3.98604333398973,4.67002115830771,4.6269316777696,4.71492104994721,4.84006341508907,0.0282926791232592,-0.269510952428885,-1.52975199460976,0.144508366753861,-3.52,2.9147011695101,4.8725985294126,4.65618365365219
"107",3.02734219144704,4.78206035278484,4.40915530206213,-1.41938119774409,4.35824610600848,4.01456584086513,4.66438204561994,4.60916220725763,4.68582808900555,4.28664616531544,0.0658361382875266,-0.256928106360431,-1.50676567148038,0.118871953772217,-3.03,2.91884761780803,4.88771408058375,4.65635060434168
"108",3.02308282121204,4.75134629614569,4.41158543691543,-1.4285062099292,4.35952536932737,4.00130139413712,4.65491227788291,4.62202730305451,4.65586330030361,4.42180050481442,0.100989801532497,-0.264403636328591,-1.4888416871533,0.109581051603436,-3.1,2.93136022227196,4.88673357743169,4.65579703054563
"109",3.02144674089649,4.74475820019514,4.40793801645838,-1.47185224948154,4.35747776175247,4.04469202631703,4.63666885304746,4.61015772749913,4.67282883446191,4.46361590397599,0.103616573410186,-0.243344613468853,-1.46281786680188,0.10771757956849,-3.17,2.94061888187857,4.85374753855911,4.65862943969942
"110",3.02366484838318,4.73285954712898,4.4042772436087,-1.5190987453518,4.37437241573702,4.05018781385036,4.61907309115708,4.61611012602643,4.66060489287619,4.13145539906103,0.0775531876572386,-0.223788339528732,-1.41929398762653,0.059439096334251,-2.94,2.94079549104249,4.82518885995478,4.6639190395532
"111",3.02863542090444,4.7404001352482,4.41037110768302,-1.50610217252462,4.34055338646731,4.10827212191951,4.62301010411642,4.63957161270542,4.63278535302106,4.21766145735265,0.0514382510098298,-0.0329290933543921,-1.38230275830664,0.15335058593537,-3.11,2.93417115868599,4.81047557917242,4.66596053693926
"112",3.03300544156544,4.71581670607516,4.41279829334063,-1.59689782145192,4.32347018521386,4.18128394587953,4.64150211523548,4.62202730305451,4.57367951889672,4.29853566367502,0.0829048288942874,-0.0155496709157925,-1.33405875074965,0.138628772561888,-3.12,2.92396490401876,4.79090258590413,4.67349889363193
"113",3.03623727570583,4.73707525686803,4.40793801645838,-1.7241857861309,4.36944785246702,4.20416424962456,4.65776263610726,4.61907309115708,4.55807857845424,4.35195743063475,0.106480360889341,-0.00206515682539212,-1.27600214462577,0.110187914761033,-3.02,2.90904288952799,4.78915702210111,4.6729331447478
"114",3.03863565536545,4.73444252169223,4.40671924726425,-1.68848111977455,4.39568296112137,4.13116288301929,4.65396035015752,4.61709875685337,4.58292457704077,4.04376784015223,0.166803834241614,0.0238268969927176,-1.20793547392712,0.117168735571709,-2.91,2.89270920064606,4.79595582119418,4.67020156624774
"115",3.03668080048518,4.75013595623828,4.41037110768302,-1.5503489960641,4.44886719159269,4.04543439085209,4.63860496207433,4.62005879848184,4.62104353514438,3.69559005619582,0.218040130602591,0.0413669150756162,-1.14364388247462,0.142840187141336,-2.78,2.88369183244253,4.80941630019784,4.67503915491564
"116",3.03024465513286,4.74701691021633,4.40793801645838,-1.52151425328771,4.46590811865458,4.00122822418615,4.62888671260541,4.61313835563727,4.6662652853479,3.30728173846742,0.265957380868756,0.0788406404726738,-1.09554357903401,0.171963611840421,-2.53,2.88665956391929,4.81104549573578,4.673192111984
"117",3.02130303157679,4.8186673602505,4.41158543691543,-1.59836310153441,4.45341663076055,4.0003486770842,4.62399194022868,4.60716818865076,4.65965837127216,2.72813688212927,0.254700137308614,0.0970042417251654,-1.06337084621801,0.228674751278446,-2.33,2.89502917956472,4.80941630019784,4.67527380806814
"118",3.01841614911374,4.82607122474952,4.41521960202965,-1.76660036948943,4.46464295085111,4.06354464228644,4.63957161270542,4.63375764284,4.59309760475382,2.48004561003421,0.185399698203016,0.11127219266897,-1.05157961877137,0.241221996876811,-2.28,2.89016019273196,4.81616018112973,4.67524537995929
"119",3.02345143143019,4.84371453387832,4.40915530206213,-1.81707727721234,4.47312340506776,4.0952976166933,4.66532410880784,4.65014355163082,4.5798523780038,2.00417933130701,0.144669352865236,0.123239986285056,-1.04993042575993,0.277229008878685,-2.12,2.8611239904827,4.80007885828752,4.67237287191194
"120",3.03424186726243,4.83318186869916,4.40671924726425,-1.89509305498966,4.46980854805742,4.07058498013246,4.65681341913993,4.66438204561994,4.56746831880408,1.68800379326695,0.118204266295582,0.148836383915123,-1.04301937653163,0.266622315055782,-2.07,2.81465881498718,4.79363947336828,4.6752962547178
"121",3.03962131598677,4.84371453387832,4.40793801645838,-1.86491684439125,4.47722317165747,4.04695683523039,4.64727136200673,4.64822967544854,4.5368913452348,1.52563252155784,0.105867528762882,0.161375941592349,-1.02684414250464,0.26731028249765,-1.77,2.79399055493703,4.78289787377182,4.67684108088844
"122",3.03723967897744,4.85787253954385,4.41642806139121,-1.91630280430266,4.48300255201388,4.08736750126241,4.62790967295758,4.66343909411207,4.55176940926098,1.24716553287982,0.11749486278537,0.152615610410215,-1.01416443428952,0.285821028205909,-2.18,2.81910083223982,4.79023796845007,4.67980552228844
"123",3.0289367383064,4.83715454196778,4.41037110768302,-1.92228240478813,4.45434729625351,4.11958290276322,4.62399194022868,4.67002115830771,4.56017282005736,0.904380593499754,0.152304255210618,0.0330996578141538,-0.980853251246215,0.219650482001444,-2.25,2.87069511539598,4.79744207363521,4.67942898112993
"124",3.02835357578599,4.80402104473326,4.41037110768302,-1.82232177481069,4.42580425701977,4.05833542716736,4.63763737612559,4.6615505194242,4.51633897228148,0.76192267895776,0.163367701969356,0.0486298765008006,-0.954255546312004,0.264813200894546,-1.98,2.90594520576463,4.79305954708551,4.68124750845319
"125",3.03811148912365,4.7884079895664,4.41158543691543,-1.7150762444571,4.41847909667619,4.02495933055862,4.64727136200673,4.65396035015752,4.52828914165213,0.525377615160871,0.171251439776955,0.0440391125269227,-0.986732372181664,0.279272913187583,-1.82,2.91850086467142,4.80213401951892,4.68758213312925
"126",3.05331252745597,4.77076936663766,4.40915530206213,-1.73778794631663,4.4224485491728,4.0174875719708,4.63860496207433,4.65965837127216,4.51633897228148,0.723072588975504,0.111636802835251,0.0517971886600416,-1.03999753855514,0.296318610288527,-1.72,2.91528011804664,4.78306529382913,4.69042888422628
"127",3.06215268374746,4.77229349902415,4.41279829334063,-1.73185121647465,4.43473767358655,4.01560021765948,4.63957161270542,4.65871095291612,4.50755735712109,0.863849765258218,0.0410626189739861,0.0690592700793076,-1.09397587966252,0.297382600817963,-1.77,2.90860482828972,4.78063495531883,4.69314239054974
"128",3.0608281234602,4.82052347182724,4.41642806139121,-1.47294216784556,4.50180767299294,3.90408457933663,4.6269316777696,4.64918707140487,4.54965747605783,1.12464854732897,-0.0352583220921463,0.00155432363416116,-1.13608397028475,0.262264785040271,-1.81,2.89658843933841,4.77102355007474,4.69268955991874
"129",3.05179962558779,4.84119047511598,4.41763506214125,-1.4829968140346,4.53742653390157,3.85355667781823,4.59410923862867,4.61313835563727,4.54116485601218,1.8443587089489,-0.029260433726739,-0.00028822807202624,-1.15510702407874,0.222475024707975,-1.73,2.88196217487576,4.77000642844103,4.69665735197551
"130",3.04310070804716,4.88060253601096,4.41642806139121,-1.43720495362753,4.58557953622309,3.91326405319151,4.62005879848184,4.62005879848184,4.48525988931553,2.22452634555568,-0.0466930367059425,-0.030937582663722,-1.16021389026625,0.230388208409244,-1.65,2.87708354859194,4.75608707130495,4.7020804964958
"131",3.0354327009083,4.85895932741669,4.40915530206213,-1.47486539530117,4.55166391846495,3.98220627921616,4.63278535302106,4.62104353514438,4.52396013056255,2.87171736255432,-0.0259976383521635,-0.0476401898956701,-1.14856727010042,0.203771907579752,-1.43,2.88923842739573,4.77280102737204,4.70473241744789
"132",3.02941699008616,4.83055123224249,4.41158543691543,-1.51908068975862,4.51601104966827,3.99216095940173,4.61412992735956,4.60716818865076,4.50755735712109,3.22184429327286,-0.0237737781254859,-0.0643100514933863,-1.13804844059544,0.224552198980949,-1.3,2.91397468862238,4.78406922598072,4.70634778045622
"133",3.02733596792277,4.8615937625371,4.41763506214125,-1.44372171868499,4.55081959123801,3.96680719952886,4.60015764416455,4.60316818331742,4.44382703557933,3.47924742365509,-0.00388438207758668,-0.0669361522816942,-1.13918060009145,0.212657836313072,-1.95,2.9211904238741,4.76975198630404,4.71164237779644
"134",3.03008681756479,4.88922067220582,4.41763506214125,-1.43588484546009,4.56299310708891,3.92689087619784,4.58700621536042,4.60816569496789,4.44382703557933,3.76734963648382,-0.0288264508682451,-0.0419684731509199,-1.1663519599726,0.205272876952457,-1.71,2.89662870733364,4.77187036187909,4.71298439696562
"135",3.03519779013255,4.9080117701977,4.41521960202965,-1.37958961551749,4.56017282005736,3.89466781707208,4.57677071146639,4.60316818331742,4.49200148788245,4.33753196325408,-0.102394398606967,-0.0652528707176992,-1.1953615798258,0.216520839782331,-1.51,2.85247169784375,4.79272800957729,4.71570326080054
"136",3.03461089570367,4.94513631186356,4.41400968052693,-1.37120872370185,4.5509251711357,3.85794478409737,4.58598736657132,4.58700621536042,4.54223038621422,4.49470098410296,-0.145793479182008,-0.096919631819767,-1.25218158337085,0.175181717726511,-1.58,2.81871491545687,4.7585777326174,4.72039041375612
"137",3.02707521795361,4.94634563087987,4.41400968052693,-1.45202724601964,4.51830425296643,3.85641525585534,4.59612944133594,4.58190155904874,4.5685062016165,4.23928403203013,-0.171972832941237,-0.125713588935355,-1.25999165831406,0.155694380469595,-1.57,2.80033362775031,4.74961679035312,4.72175512271256
"138",3.01422816733334,4.91844690310135,4.40671924726425,-1.51651152398505,4.47312340506776,3.93572886970957,4.57677071146639,4.57264699428253,4.54648118963941,4.31878057960107,-0.164039772843753,-0.159703939882349,-1.24746897031266,0.141725278142829,-1.68,2.79363107038496,4.74275584894065,4.72324115317777
"139",2.99932455801506,4.89992717211183,4.4042772436087,-1.56411696249868,4.46475803227135,3.97259115506182,4.52070102936164,4.51305489708029,4.48074010760991,4.25871956378676,-0.185496998593344,-0.223173939248222,-1.25905893934764,0.108282327421684,-1.37,2.78896240659653,4.76123332161968,4.72447785993492
"140",2.98352632249028,4.89447593955597,4.40182926197006,-1.57964797648068,4.4664826662142,3.98259329879744,4.50092016461429,4.48074010760991,4.5358201078533,4.11190386781826,-0.161861334128374,-0.225765605905697,-1.25726302346149,0.0991707850156674,-1.23,2.7871835336268,4.75789127300576,4.7261353772682
"141",2.96827949268789,4.87748478130875,4.3907385752759,-1.56230543617017,4.47152450111817,4.02160278926025,4.50534985070588,4.47506150064107,4.50534985070588,4.13145539906103,-0.186267017627312,-0.279937301004331,-1.24755858899184,0.0990261051494669,-1.1,2.78665994977117,4.74727720261292,4.73066685961791
"142",2.9597543603796,4.866533950122,4.38949864951258,-1.51629458071486,4.48604875508023,4.05610026111228,4.49869794147757,4.4496852831477,4.56434819146784,4.12167871561355,-0.214575401221178,-0.31568533771122,-1.28357767545894,0.0507051732989559,-0.84,2.78053824384859,4.74693013102592,4.72661353703535
"143",2.95952898474384,4.88575211194957,4.38576962095272,-1.53965747237283,4.49524370660949,4.06522856344378,4.48975933447676,4.45898767581001,4.57367951889672,3.88758782201406,-0.291699523604389,-0.363173405130624,-1.33210718161527,0.00511390992148535,-0.55,2.76507117624777,4.74536681648137,4.73685387756775
"144",2.96628639099741,4.93648629545993,4.38077585277223,-1.42747874013405,4.53120066578792,3.99531261013494,4.48413185761104,4.47278099794235,4.57779898919196,4.06229477436906,-0.34855547527626,-0.427901107238073,-1.37661440585332,-0.0463749823183238,-0.5,2.74267797627382,4.72366408003588,4.73677502480488
"145",2.96908496082409,4.97652682446281,4.38576962095272,-1.39634469697339,4.55356105225486,3.9810992418612,4.46475803227135,4.47733681447821,4.57677071146639,4.30743243243243,-0.428852662263361,-0.510434049605078,-1.41425725848057,-0.0508294025442462,0.16,2.72839125795512,4.70754625260496,4.73872211324732
"146",2.96623128136211,4.97355628585484,4.37449836825309,-1.32733958191279,4.5709927341865,3.91217299417927,4.44617445449763,4.47049528266149,4.55387689160054,4.85856592425522,-0.466987740023501,-0.60170731075218,-1.42333498630454,-0.0622537947498331,0.56,2.73046274831931,4.70220614849969,4.74387078502333
"147",2.95713985634313,4.92464158092928,4.37197629882038,-1.24231771063383,4.53614159957766,3.87886698858018,4.43675153436313,4.47163879336357,4.59511985013459,4.36811648310624,-0.499423090868729,-0.693648046252481,-1.48823191162782,-0.106775381606346,0.54,2.74109916758764,4.66541826633345,4.74113068481825
"148",2.94601966749993,4.96953548321083,4.37071287477361,-1.17457582747515,4.59279391492004,3.91464844483286,4.41037110768302,4.46014441393783,4.57882621064849,4.13184772516249,-0.523615554332262,-0.72578645984692,-1.50824357073093,-0.128985602672217,0.62,2.73807789794997,4.6627784986084,4.74178399981771
"149",2.93353953772663,5.04786685070158,4.36182392735636,-1.11432601420129,4.67245493279369,3.92536415794288,4.33859707674655,4.38077585277223,4.6931810633108,4.1154166281328,-0.557249756479795,-0.753345140838383,-1.50535324596073,-0.149758679257872,0.67,2.71518344703275,4.68435098386253,4.74194488637808
"150",2.92032867903989,5.02361732831942,4.3502779363593,-1.22851391324205,4.64140567857019,3.99285527946595,4.34120464015363,4.3554259528767,4.64053732982538,4.16936303965978,-0.645086723137102,-0.829284730638023,-1.5214456803142,-0.215178984836652,0.73,2.68028722682391,4.61611012602643,4.74335701898749
"151",2.90590062676613,5.03500265054455,4.33729074083249,-1.2731357583033,4.6456401185418,4.02190826895739,4.32148013480585,4.3267781604434,4.65491227788291,4.31455702037429,-0.674511768792624,-0.859728615514368,-1.50922460989799,-0.251158946193582,0.65,2.65642797310368,4.61739515561066,4.74254532167454
"152",2.89131543082828,5.04387662787606,4.32809829264833,-1.23162433565645,4.65462679470068,3.97936651746932,4.28082412916472,4.28358656186063,4.66060489287619,4.30709890715399,-0.731052466189239,-0.880842926784241,-1.52151411294187,-0.306949656385379,0.77,2.65160277266255,4.63472898822964,4.74684363698415
"153",2.87708750262906,5.07723419120075,4.31882055877009,-1.1474828908552,4.68508980916396,3.94273648058409,4.26689632742025,4.30945594183905,4.7740687224499,3.76962395034686,-0.771157096323774,-0.935160902574699,-1.56193286568738,-0.382969057377409,0.859999999999999,2.65960277684524,4.64458318834493,4.74907598593569
"154",2.86172543956047,5.12396397940326,4.31882055877009,-1.09476256551336,4.76037745029047,3.86467280401454,4.25985900069967,4.29182836675573,4.84103250971008,4.2180224596001,-0.759500532771021,-0.952234436900264,-1.55885326965996,-0.395675295629014,0.74,2.66631980464945,4.60806598910012,4.74915687865419
"155",2.84501532696307,5.21286840471555,4.31615389052317,-0.902858620674245,4.86244459601845,3.83545971375064,4.24132675257075,4.30135873160643,4.91852000518845,4.25609644716411,-0.701597287391164,-0.989188744393796,-1.56786335265524,-0.446437700500244,0.43,2.66966747841695,4.61045619041733,4.75279023969796
"156",2.82801660712687,5.22051797409362,4.31348009213877,-0.88463791883824,4.84788104279483,3.85612463773265,4.25277179881662,4.34380542185368,4.79579054559674,3.83880651323569,-0.701423700812838,-1.02166619368488,-1.57065366813471,-0.498088624955939,0.69,2.66851764899843,4.59178094886908,4.75288117068668
"157",2.81121000174513,5.17133590478725,4.31748811353631,-0.921064010626813,4.80377511285515,3.85202713327563,4.24849524204936,4.3267781604434,4.72650247115562,3.32186821144098,-0.699249027579735,-1.06980483372512,-1.56336740760191,-0.591580805928129,0.880000000000001,2.65163831246887,4.62800741989085,4.75153497880388
"158",2.79496353329702,5.18262589205184,4.32015123095579,-0.719584496077896,4.80484038111666,3.79957521202192,4.2297491992283,4.34380542185368,4.76217393479776,3.14448359989157,-0.718469431448514,-1.08426876731978,-1.55333211792054,-0.681946085600765,1.86,2.6156887621442,4.57161340245925,4.7500893596891
"159",2.77803900232159,5.21161503270874,4.30541553230204,-0.660099326513745,4.80925323456356,3.6735159854728,4.26689632742025,4.3528552573736,4.73268350628705,3.10721705356336,-0.721912299281074,-1.21860112854497,-1.49382133737801,-0.870662199796208,1.74,2.576787404922,4.57563838338205,4.75840287448985
"160",2.77076310202727,5.19595235987001,4.30135873160643,-0.632455334112381,4.78973921532253,3.71418933443522,4.2570301444992,4.32545628318549,4.74927052996185,3.43421529539689,-0.738868010729613,-1.22453553311027,-1.48212006674801,-0.893954737583222,2.08,2.56651012282515,4.56694897316789,4.7564638679011
"161",2.77599270222954,5.1382072981193,4.30135873160643,-0.832409247893453,4.72428566687825,3.88082777895821,4.26549281841793,4.32809829264833,4.8146204101703,4.35140323612759,-0.775287138006081,-1.22209029445756,-1.4770678482596,-0.885848974518002,2.25,2.58871221718641,4.58568150940423,4.75653946589979
"162",2.78856927962143,5.10424706271953,4.30541553230204,-0.90870056260748,4.70084393605637,3.96293642223652,4.27249074760558,4.3554259528767,4.85437127162159,4.45644216691068,-0.798197256509406,-1.22507461483312,-1.48005371279497,-0.899071943055088,2.3,2.62648632980704,4.5798523780038,4.75898953962827
"163",2.78960194952352,5.11349267953596,4.30000279919529,-0.945111170409646,4.68831576707476,3.93214210925099,4.28771595520264,4.35926964755127,4.79330812810349,4.41822173435784,-0.799719207238462,-1.24584715167161,-1.4960344998205,-0.900605908733511,2.48,2.64872052202507,4.67553544864866,4.75771833513795
"164",2.77334962473297,5.11787404476585,4.30271282795416,-0.961977761205155,4.65281683945544,3.9152432693535,4.30945594183905,4.40060302024682,4.78498861256393,4.87872105843439,-0.824756096312344,-1.28545856797181,-1.49757770702112,-0.880417869347122,2.47,2.64401885932152,4.67161314253681,4.76343031204671
"165",2.74439804064154,5.06745661408942,4.30406509320417,-1.07824959414923,4.60066003051021,4.0077331052538,4.35926964755127,4.4496852831477,4.76813901426623,4.97517013058673,-0.897672599555968,-1.29278544444747,-1.48341064139662,-0.908084122649066,2.51,2.62075369797903,4.6745096640667,4.76412798909822
"166",2.72015450375981,5.04735287703142,4.30271282795416,-1.17230563107357,4.58670066970443,4.06023684236868,4.39444915467244,4.45201900649392,4.71849887129509,4.75360190878222,-0.956170517524358,-1.33366615115318,-1.47048976178727,-0.911529279240856,2.74,2.59598866866195,4.68886774500966,4.76837051995929
"167",2.70347266980373,5.06468146251334,4.30676415017333,-1.14670496886332,4.59612944133594,4.06773572993426,4.4188406077966,4.48413185761104,4.70682383971459,5.22676991150441,-1.08287605021361,-1.34621350831715,-1.45172133095704,-0.897525707320961,3.04,2.57056685154366,4.69281469584014,4.76902072192309
"168",2.69497517952357,5.0630379728893,4.30135873160643,-1.1623130655733,4.56382722245371,4.13480489134931,4.40671924726425,4.46705688385846,4.7361984483945,5.72911838323908,-1.16697505128528,-1.36835765222388,-1.44662390941266,-0.887825202179564,2.21,2.54718136725579,4.69638106604148,4.77378846843573
"169",2.68813397682283,5.1165556530126,4.30271282795416,-1.10673610679352,4.59350238112041,4.12097675602277,4.38452351487247,4.4636066216663,4.75531284441781,6.45854752780632,-1.23756858951062,-1.38187759216314,-1.44602589429579,-0.903000540922318,2.52,2.54964732936435,4.74719044600852,4.78069817073593
"170",2.68259418236559,5.13762030585074,4.29592393562047,-1.10659864030076,4.58036506706912,4.07967478689286,4.34510328056928,4.44734610079452,4.81380905109942,6.92445197102269,-1.27902236548456,-1.45379710816483,-1.45462005799417,-0.909272361268072,2.48,2.58548214717059,4.72330871400513,4.7833214039069
"171",2.67513017619913,5.1073384426629,4.31079912538551,-1.21005185040232,4.53345933843409,4.15156919961878,4.40060302024682,4.48413185761104,4.73532087045314,7.42287612719505,-1.44512593485045,-1.48343749984857,-1.49042840113552,-0.866867713121124,2.33,2.63259925786196,4.76915803609354,4.78260044335043
"172",2.67269426917415,5.07267068501571,4.30945594183905,-1.28031403758266,4.51633897228148,4.19636784885382,4.4188406077966,4.47733681447821,4.68490515400694,7.69377625047729,-1.48187978473519,-1.48219474515942,-1.51718011691445,-0.870539371869253,2.33,2.65101941791055,4.75341776244829,4.78511340253363
"173",2.67694127252934,5.05030462455446,4.30676415017333,-1.27982142095744,4.52309207495248,4.18008989331657,4.44734610079452,4.50424426739813,4.71760561531788,7.24873290618724,-1.51671170135721,-1.53152266255758,-1.54505434249351,-0.907080260029366,2.33,2.63661125303295,4.75531284441781,4.7890838749149
"174",2.6871338818023,5.05081708372909,4.31079912538551,-1.31421852754981,4.53539129138017,4.16091349211414,4.46705688385846,4.50865928560725,4.6931810633108,7.21560338201384,-1.55123385634007,-1.55554453819832,-1.5435900743156,-0.911172758051886,2.28,2.6046015876332,4.72428566687825,4.79275692263245
"175",2.69071610429055,5.07542378398903,4.30945594183905,-1.30997764990296,4.56059114259012,4.17618634988099,4.45550941143368,4.51633897228148,4.75874927391639,7.28764478764479,-1.59301978803333,-1.59303660577088,-1.54787068976847,-0.967276853427208,2.46,2.57950237555225,4.69400489968858,4.79705271312369
"176",2.68616251078336,5.07354749348924,4.30676415017333,-1.24148588540405,4.59744038792615,4.12739702336369,4.4224485491728,4.48975933447676,4.82028156560504,6.94174757281552,-1.62384941917006,-1.6014299010406,-1.56681791910798,-0.932522533894494,2.6,2.57118786012382,4.6837040636422,4.79978091095123
"177",2.67629233038174,5.05986980397395,4.31079912538551,-1.28590618708862,4.57933942595357,4.16673166677707,4.44029554279786,4.50645421304893,4.78582368568135,7.10738973809757,-1.60515018158136,-1.62804292355883,-1.59798319793986,-0.93634520526819,2.64,2.57628000844612,4.66645341440499,4.80190230046086
"178",2.66952962020175,5.03844499473552,4.30541553230204,-1.30323280339177,4.57841544867927,4.23127515290536,4.46129981556839,4.52178857704904,4.71939133007811,6.52937731797774,-1.72280711763788,-1.64482552719102,-1.62511217050044,-0.927977604023816,2.44,2.58633375111066,4.68009211250535,4.8071512157741
"179",2.66801364392485,5.05967939427518,4.30271282795416,-1.35516490211345,4.57995493684703,4.30820246839731,4.49535531998088,4.54435804659133,4.6737629774537,5.66608152915933,-1.73065706324869,-1.65363413956121,-1.62096258243928,-0.894130639806357,2.35,2.60447170036221,4.7169798610401,4.80716125716269
"180",2.67399369370905,5.09080107111953,4.30811095172371,-1.42352432984769,4.58404868936598,4.33225661560339,4.51743127168008,4.56954300834494,4.64246597073179,5.17039922103215,-1.71159780447942,-1.67065239333732,-1.60461343567508,-0.921185357101876,2.87,2.63007833986244,4.72277542806235,4.80833707298209
"181",2.67770956874805,5.14254036497619,4.31348009213877,-1.39450983407328,4.60386934025504,4.2936263390377,4.51743127168008,4.59511985013459,4.63569939102291,4.47470817120623,-1.68961723766293,-1.69520409235257,-1.5594613347563,-0.946261331953234,2.27,2.63756935648418,4.7014798661255,4.81693245994185
"182",2.67839382964497,5.13373749123024,4.31615389052317,-1.43150095395797,4.61502150203847,4.3006803172536,4.51633897228148,4.60616968632117,4.66438204561994,3.93394851869839,-1.68418909477167,-1.68918089554923,-1.54071127080676,-0.948304718218508,1.68,2.61160856719399,4.70175228383434,4.82306790276463
"183",2.67133609011262,5.14283246370764,4.31748811353631,-1.48742142624578,4.5999566189352,4.39391871098176,4.53796143629464,4.60816569496789,4.65776263610726,3.92766867587011,-1.70555870805022,-1.73570330103989,-1.52994881503178,-0.800683673810554,1.52,2.56862983622712,4.71742686833376,4.82294923058804
"184",2.67163932482122,5.14621458833808,4.3267781604434,-1.43925108810614,4.62389379998619,4.43918713184499,4.55282370561588,4.61015772749913,4.64727136200673,3.77285103072733,-1.65945544410604,-1.7871152579049,-1.50213752971406,-0.757499562157832,1.42,2.55205589703804,4.71106056124552,4.82619207494889
"185",2.6822554617435,5.13043111755034,4.3333614626926,-1.41078223276636,4.63054549231932,4.43042731715046,4.56538931597625,4.61907309115708,4.7122292582815,3.79820802493185,-1.62685748445404,-1.81546028916857,-1.48262134772372,-0.731899466067109,1.62,2.56739854517424,4.70501552095781,4.82735005114777
"186",2.70007547578612,5.16951761915645,4.33729074083249,-1.40552572304778,4.6703959709058,4.45756991893584,4.54965747605783,4.61015772749913,4.75703253529734,3.54223433242506,-1.65334039721037,-1.86492074039927,-1.49346431804131,-0.726311693595287,1.76,2.5953036083242,4.68923556110576,4.83041018995293
"187",2.72066434059034,5.25707861853144,4.33598269617247,-1.31953005800428,4.70048036579242,4.41031035249603,4.52936847257181,4.60716818865076,4.78498861256393,3.44157106747036,-1.68543336120902,-1.88354719644739,-1.48765783838578,-0.746442216166038,1.42,2.60592978232738,4.69052185308759,4.82933662547261
"188",2.73958885427992,5.28791343283264,4.33204826486764,-1.12158851794456,4.70808771999478,4.28607672647745,4.48863636973214,4.58700621536042,4.84968376303849,1.92547178848548,-1.71157554394655,-1.98479352036322,-1.48045337031652,-0.793408385295745,1.32,2.58844183593246,4.69774936728118,4.82916273213105
"189",2.75502332827106,5.28340675381228,4.32545628318549,-1.2254131355638,4.7170692784855,4.34372193042774,4.50755735712109,4.60116216459055,4.75100063419963,1.83767228177643,-1.75118459948432,-2.0781105167859,-1.51010019818081,-0.804437121643871,1.13,2.55223364206641,4.70844853544159,4.83246095249583
"190",2.75531952427891,5.29169549023915,4.32941668440158,-1.18516527271213,4.73461825317498,4.35414701963414,4.52070102936164,4.59814557105113,4.73795129722191,2.12112486802956,-1.77846821687516,-2.12808213022737,-1.52754659222314,-0.841240980022582,1.23,2.51734486888622,4.68803966381039,4.83581137730901
"191",2.74118601891808,5.34991311519169,4.33859707674655,-1.13724917228303,4.75634501378521,4.34461917132594,4.51633897228148,4.5685062016165,4.7999142627806,1.78896010714629,-1.8373188131801,-2.18665078860229,-1.52655002445022,-0.826854754262506,1.27,2.48399145479176,4.68148286883726,4.83305149303712
"192",2.72087078087674,5.28690246373274,4.3333614626926,-1.31920474895782,4.66645341440499,4.43316091073687,4.51852237926242,4.55597994179732,4.70320392625946,1.75975516449884,-1.89676856851644,-2.23121325341123,-1.51353008846662,-0.841727815566555,1.22,2.45200961097219,4.70971036526202,4.83876870953625
"193",2.702736399968,5.26227559520077,4.32148013480585,-1.33681179602268,4.67020858216731,4.47095765918871,4.55387689160054,4.56746831880408,4.71581670607516,2.25852955309949,-2.00508804194139,-2.26764948599515,-1.52069369454364,-0.842491767889749,1.42,2.44144085395544,4.68361161229465,4.83570489592541
"194",2.6898252789402,5.26646543709885,4.31481788498043,-1.30951852231784,4.69555918571577,4.46666007086126,4.55176940926098,4.55912624748668,4.72738781871234,2.55421686746988,-2.08478467370071,-2.32693763861248,-1.4959253253643,-0.811002093130401,1.55,2.46003748576817,4.6372500794515,4.83814509812552
"195",2.67410724823465,5.23062721757809,4.30945594183905,-1.37760495090573,4.66513576715553,4.54855800948798,4.58598736657132,4.58190155904874,4.71402459090017,2.5245712083253,-2.09496768826782,-2.44422453210014,-1.50770274052035,-1.07620569116492,1.54,2.49295247515876,4.67208089127072,4.84131430850321
"196",2.67860341196125,5.23313864052304,4.31214050720972,-1.42524311125847,4.66003708742893,4.57180779928168,4.58394654953646,4.58700621536042,4.7122292582815,2.41601694099529,-2.19129320946149,-2.48888332735062,-1.53237030244358,-1.17458970628036,1.5,2.52463669489487,4.67142598176516,4.84122165812922
"197",2.70852368095202,5.25848446604631,4.31214050720972,-1.39778874054563,4.67990653210211,4.57399041184212,4.56017282005736,4.57574137529728,4.6931810633108,1.74029451137885,-2.25249226791823,-2.49053418141826,-1.54722919728654,-1.21688654433787,1.4,2.55453637435611,4.69180649264764,4.84716104734923
"198",2.75825370040321,5.27366600310691,4.31214050720972,-1.38302697756322,4.6909808424012,4.55249029728966,4.55492896955134,4.58190155904874,4.76473475565943,1.39127120259195,-2.25735643827121,-2.49013408901042,-1.54575470197735,-1.26048472107225,1.34,2.58033188902117,4.69208155797739,4.84294085801433
"199",2.79133957098416,5.25368604240244,4.32015123095579,-1.35059153416431,4.70673350139753,4.54508090380637,4.51305489708029,4.57057874121847,4.78331637137157,1.66252627555896,-2.20277474951809,-2.43693275082432,-1.57700899184864,-1.18256220314962,1.4,2.58689623539683,4.7011165270353,4.84268348204364
"200",2.8009281394494,5.20323716029777,4.31882055877009,-1.39311758646802,4.67944243036268,4.59504807722405,4.50865928560725,4.55912624748668,4.77996347636125,2.93121795491922,-2.1899866837621,-2.28363122206512,-1.60118533000092,-1.15946610258062,1.38,2.57343843749094,4.72152998710429,4.83721898368193
"201",2.7910959418499,5.19567537457616,4.32280727501391,-1.51018295433876,4.67236143552841,4.63921581819277,4.52828914165213,4.55492896955134,4.68582808900555,3.08079829490409,-2.1698376488352,-2.17048843017986,-1.60199935586908,-1.08647999875793,1.37,2.54752649226506,4.7253503462442,4.84047323872697
"202",2.76530767019747,5.19844178112078,4.3267781604434,-1.42749521527718,4.70610090456653,4.61125165630396,4.54435804659133,4.56330598188939,4.73795129722191,2.38808856231267,-2.16386057975437,-2.07763978967031,-1.59829540135216,-1.03160575848618,1.32,2.51811321048181,4.74388810529991,4.83764759452309
"203",2.72559093964521,5.24938969292461,4.32413265625498,-1.44675233015701,4.72410811005961,4.63995755156397,4.55387689160054,4.56330598188939,4.76131886847802,2.74079113616483,-1.98907493966535,-2.03380803287468,-1.57032344005119,-1.0529750945213,1.25,2.47848532422489,4.7079072634392,4.8367278303068
"204",2.68380916184919,5.27120307405646,4.3267781604434,-1.41254906270145,4.719302120033,4.65073818733633,4.54965747605783,4.55807857845424,4.71043069664558,2.76965086795398,-2.00240546699015,-2.01647831835893,-1.53652996538359,-1.03600917589743,1.22,2.43088966337944,4.70048036579242,4.8354756821742
"205",2.66606519750692,5.31944264816299,4.32280727501391,-1.43648550620495,4.73189093876725,4.67926797011999,4.56121829845891,4.57367951889672,4.65491227788291,1.5783867531713,-1.94512447387247,-2.00175998560766,-1.51559630214119,-1.04033027303216,1.21,2.41813908166204,4.6859203356732,4.84100679073491
"206",2.68316951058474,5.32564066219693,4.31882055877009,-1.50464898867523,4.71680100215928,4.72509688726294,4.56434819146784,4.59915211366253,4.72206393745959,0.268430639440154,-1.89607970903659,-2.00568139964413,-1.52217172795546,-1.12413881021478,0.84,2.45368636147331,4.68203863024467,4.84427478643039
